,open,high,low,close,adjclose,volume,ticker,predicted_adjclose_1,true_adjclose_1,buy_profit,sell_profit
2019-01-29,12.390000343322754,12.5,11.109999656677246,11.279999732971191,10.909844398498535,32870300,GME,11.552768,10.83246898651123,-0.07737541198730469,0.0
2019-01-30,11.25,11.369999885559082,11.109999656677246,11.199999809265137,10.83246898651123,6151000,GME,11.032068,10.967875480651855,0.135406494140625,0.0
2019-01-31,11.170000076293945,11.529999732971191,11.100000381469727,11.34000015258789,10.967875480651855,6049600,GME,10.633623,10.871156692504883,0.0,0.09671878814697266
2019-02-01,11.3100004196167,11.430000305175781,11.180000305175781,11.239999771118164,10.871156692504883,3477400,GME,10.378495,10.996891021728516,0.0,-0.1257343292236328
2019-02-04,11.239999771118164,11.479999542236328,11.0,11.369999885559082,10.996891021728516,4271500,GME,10.166097,11.403108596801758,0.0,-0.4062175750732422
2019-02-05,11.359999656677246,11.8100004196167,11.350000381469727,11.789999961853027,11.403108596801758,4271100,GME,10.056186,11.13229751586914,0.0,0.2708110809326172
2019-02-06,11.619999885559082,11.699999809265137,11.399999618530273,11.510000228881836,11.13229751586914,3479600,GME,10.030874,11.09360980987549,0.0,0.03868770599365057
2019-02-07,11.399999618530273,11.59000015258789,11.229999542236328,11.470000267028809,11.093609809875488,2021100,GME,10.036599,10.977547645568846,0.0,0.1160621643066424
2019-02-08,11.390000343322754,11.489999771118164,11.3100004196167,11.350000381469727,10.977547645568848,1801200,GME,10.069241,10.929187774658201,0.0,0.04835987091064631
2019-02-11,11.380000114440918,11.390000343322754,11.15999984741211,11.300000190734863,10.929187774658203,1918600,GME,10.103797,11.170984268188477,0.0,-0.24179649353027344
2019-02-12,11.300000190734863,11.59000015258789,11.300000190734863,11.550000190734863,11.170984268188477,2678000,GME,10.153419,11.09360980987549,0.0,0.0773744583129865
2019-02-13,11.5600004196167,11.75,11.380000114440918,11.470000267028809,11.093609809875488,2132800,GME,10.233449,10.958203315734862,0.0,0.13540649414062678
2019-02-14,11.369999885559082,11.420000076293945,11.239999771118164,11.329999923706055,10.958203315734863,2468500,GME,10.274059,11.054922103881836,0.0,-0.09671878814697266
2019-02-15,11.329999923706055,11.4399995803833,11.279999732971191,11.430000305175781,11.054922103881836,2211800,GME,10.329574,10.83246898651123,0.0,0.22245311737060547
2019-02-19,11.460000038146973,11.470000267028809,11.130000114440918,11.199999809265137,10.83246898651123,3305600,GME,10.408932,10.83246898651123,0.0,0.0
2019-02-20,11.229999542236328,11.300000190734863,11.149999618530273,11.199999809265137,10.83246898651123,2960500,GME,10.403134,10.668047904968262,0.0,0.16442108154296875
2019-02-21,11.229999542236328,11.289999961853027,11.010000228881836,11.029999732971191,10.668047904968262,2489200,GME,10.370519,10.996891021728516,0.0,-0.3288431167602539
2019-02-22,11.020000457763672,11.380000114440918,11.020000457763672,11.369999885559082,10.996891021728516,3249500,GME,10.332469,11.170984268188477,0.0,-0.17409324645996094
2019-02-25,11.380000114440918,11.800000190734863,11.380000114440918,11.550000190734863,11.170984268188477,3594500,GME,10.313642,11.258030891418457,0.0,-0.08704662322998047
2019-02-26,11.539999961853027,11.710000038146973,11.5,11.640000343322754,11.258030891418457,2158000,GME,10.342943,11.287046432495117,0.0,-0.029015541076660156
2019-02-27,11.65999984741211,11.930000305175781,11.619999885559082,11.670000076293945,11.287046432495117,3397300,GME,10.353854,11.316061973571777,0.0,-0.029015541076660156
2019-02-28,11.6899995803833,11.859999656677246,11.59000015258789,11.699999809265137,11.316061973571777,2820200,GME,10.350716,11.364420890808105,0.0,-0.048358917236328125
2019-03-01,11.880000114440918,12.010000228881836,11.75,11.75,11.364420890808105,1901200,GME,10.363842,11.190327644348146,0.0,0.17409324645995916
2019-03-04,11.789999961853027,11.850000381469727,11.470000267028809,11.569999694824219,11.190327644348145,2228600,GME,10.320862,11.219344139099121,0.0,-0.029016494750976562
2019-03-05,12.079999923706055,12.100000381469727,11.359999656677246,11.600000381469727,11.219344139099121,5537900,GME,10.244082,11.18065643310547,0.0,0.03868770599365057
2019-03-06,11.65999984741211,11.869999885559082,11.5600004196167,11.5600004196167,11.180656433105469,3312900,GME,10.145387,11.20967197418213,0.0,-0.029015541076661933
2019-03-07,11.5600004196167,11.65999984741211,11.4399995803833,11.59000015258789,11.209671974182129,1811400,GME,10.050874,10.610017776489258,0.0,0.5996541976928711
2019-03-08,11.069999694824219,11.220000267028809,10.75,10.970000267028809,10.610017776489258,6171600,GME,9.759,10.890501022338867,0.0,-0.2804832458496094
2019-03-11,10.979999542236328,11.279999732971191,10.890000343322754,11.260000228881836,10.890501022338867,2703600,GME,9.601884,11.09360980987549,0.0,-0.20310878753662287
2019-03-12,11.279999732971191,11.550000190734863,11.229999542236328,11.470000267028809,11.093609809875488,2164900,GME,9.531267,11.199999809265137,0.0,-0.10638999938964844
2019-03-13,11.539999961853027,11.640000343322754,11.470000267028809,11.579999923706055,11.199999809265137,2191600,GME,9.973913,10.949999809265137,0.0,0.25
2019-03-14,11.3100004196167,11.34000015258789,10.899999618530273,10.949999809265137,10.949999809265137,2839600,GME,10.048329,11.0600004196167,0.0,-0.1100006103515625
2019-03-15,10.989999771118164,11.119999885559082,10.899999618530273,11.0600004196167,11.0600004196167,3537400,GME,10.093784,11.069999694824219,0.0,-0.009999275207519531
2019-03-18,11.09000015258789,11.170000076293945,10.979999542236328,11.069999694824219,11.069999694824219,2451200,GME,10.219207,10.960000038146973,0.0,0.1099996566772461
2019-03-19,11.069999694824219,11.239999771118164,10.899999618530273,10.960000038146973,10.960000038146973,3089900,GME,10.307382,10.5,0.0,0.46000003814697266
2019-03-20,10.960000038146973,10.960000038146973,10.399999618530273,10.5,10.5,4103900,GME,10.294486,10.550000190734863,0.0,-0.05000019073486328
2019-03-21,10.470000267028809,10.729999542236328,10.350000381469727,10.550000190734863,10.550000190734863,3205300,GME,10.275132,10.449999809265137,0.0,0.10000038146972656
2019-03-22,10.649999618530273,10.65999984741211,10.4399995803833,10.449999809265137,10.449999809265137,3289000,GME,10.230853,10.140000343322754,0.0,0.3099994659423828
2019-03-25,10.460000038146973,10.489999771118164,10.069999694824219,10.140000343322754,10.140000343322754,4486200,GME,10.062977,10.350000381469727,0.0,-0.21000003814697266
2019-03-26,10.109999656677246,10.4399995803833,10.09000015258789,10.350000381469727,10.350000381469727,3535100,GME,9.98948,10.289999961853027,0.0,0.06000041961669922
2019-03-27,10.369999885559082,10.539999961853027,10.25,10.289999961853027,10.289999961853027,2606200,GME,9.968762,10.1899995803833,0.0,0.10000038146972656
2019-03-28,10.359999656677246,10.489999771118164,10.069999694824219,10.1899995803833,10.1899995803833,3122300,GME,9.924732,10.15999984741211,0.0,0.029999732971191406
2019-03-29,10.210000038146973,10.359999656677246,10.149999618530273,10.15999984741211,10.15999984741211,2919000,GME,9.897908,10.369999885559082,0.0,-0.21000003814697266
2019-04-01,10.289999961853027,10.420000076293945,10.039999961853027,10.369999885559082,10.369999885559082,4415700,GME,9.843089,10.100000381469727,0.0,0.26999950408935547
2019-04-02,10.369999885559082,10.40999984741211,10.09000015258789,10.100000381469727,10.100000381469727,8670200,GME,9.687806,9.630000114440918,0.0,0.4700002670288086
2019-04-03,8.859999656677246,10.029999732971191,8.819999694824219,9.630000114440918,9.630000114440918,26597900,GME,8.968641,10.029999732971191,0.0,-0.39999961853027344
2019-04-04,9.739999771118164,10.0600004196167,9.649999618530273,10.029999732971191,10.029999732971191,7917800,GME,8.849933,9.859999656677246,0.0,0.1700000762939453
2019-04-05,9.960000038146973,10.010000228881836,9.789999961853027,9.859999656677246,9.859999656677246,5743600,GME,8.809809,9.9399995803833,0.0,-0.07999992370605469
2019-04-08,9.789999961853027,10.079999923706055,9.729999542236328,9.9399995803833,9.9399995803833,4551000,GME,8.819262,9.819999694824219,0.0,0.11999988555908203
2019-04-09,9.850000381469727,10.0,9.8100004196167,9.819999694824219,9.819999694824219,2978500,GME,8.864116,9.970000267028809,0.0,-0.15000057220458984
2019-04-10,9.880000114440918,10.010000228881836,9.880000114440918,9.970000267028809,9.970000267028809,2807200,GME,8.946469,9.760000228881836,0.0,0.21000003814697266
2019-04-11,9.979999542236328,9.979999542236328,9.739999771118164,9.760000228881836,9.760000228881836,2545200,GME,9.01468,9.319999694824219,0.0,0.4400005340576172
2019-04-12,9.789999961853027,9.829999923706055,9.289999961853027,9.319999694824219,9.319999694824219,4778500,GME,8.965667,8.9399995803833,0.0,0.38000011444091797
2019-04-15,9.270000457763672,9.350000381469727,8.8100004196167,8.9399995803833,8.9399995803833,5527400,GME,8.852334,9.079999923706055,0.0,-0.1400003433227539
2019-04-16,9.0,9.149999618530273,8.949999809265137,9.079999923706055,9.079999923706055,4720000,GME,8.799702,8.9399995803833,0.0,0.1400003433227539
2019-04-17,9.109999656677246,9.119999885559082,8.75,8.9399995803833,8.9399995803833,3921100,GME,8.732313,8.770000457763672,0.0,0.1699991226196289
2019-04-18,8.859999656677246,9.029999732971191,8.739999771118164,8.770000457763672,8.770000457763672,3814200,GME,8.634681,8.649999618530273,0.0,0.12000083923339844
2019-04-22,8.75,8.819999694824219,8.529999732971191,8.649999618530273,8.649999618530273,6278700,GME,8.455101,8.890000343322754,0.0,-0.24000072479248047
2019-04-23,8.640000343322754,8.970000267028809,8.640000343322754,8.890000343322754,8.890000343322754,4452300,GME,8.310582,9.010000228881836,0.0,-0.11999988555908203
2019-04-24,8.899999618530273,9.0600004196167,8.890000343322754,9.010000228881836,9.010000228881836,4106100,GME,8.211622,8.949999809265137,0.0,0.06000041961669922
2019-04-25,8.989999771118164,9.0,8.720000267028809,8.949999809265137,8.949999809265137,2627000,GME,8.164127,8.890000343322754,0.0,0.05999946594238281
2019-04-26,8.930000305175781,9.029999732971191,8.880000114440918,8.890000343322754,8.890000343322754,2306800,GME,8.150365,8.760000228881836,0.0,0.13000011444091797
2019-04-29,8.890000343322754,8.899999618530273,8.710000038146973,8.760000228881836,8.760000228881836,2548100,GME,8.135884,8.649999618530273,0.0,0.1100006103515625
2019-04-30,8.800000190734863,8.850000381469727,8.649999618530273,8.649999618530273,8.649999618530273,3207700,GME,8.02119,8.510000228881836,0.0,0.1399993896484375
2019-05-01,8.65999984741211,8.789999961853027,8.470000267028809,8.510000228881836,8.510000228881836,3538900,GME,7.8963943,8.770000457763672,0.0,-0.26000022888183594
2019-05-02,8.510000228881836,8.829999923706055,8.510000228881836,8.770000457763672,8.770000457763672,3116900,GME,7.8231645,8.970000267028809,0.0,-0.19999980926513672
2019-05-03,8.8100004196167,8.989999771118164,8.770000457763672,8.970000267028809,8.970000267028809,2179600,GME,7.7995734,8.850000381469727,0.0,0.11999988555908203
2019-05-06,8.850000381469727,8.920000076293945,8.65999984741211,8.850000381469727,8.850000381469727,2406200,GME,7.7605042,8.770000457763672,0.0,0.07999992370605469
2019-05-07,8.770000457763672,8.920000076293945,8.6899995803833,8.770000457763672,8.770000457763672,2591600,GME,7.72815,8.6899995803833,0.0,0.0800008773803711
2019-05-08,8.75,8.850000381469727,8.649999618530273,8.6899995803833,8.6899995803833,2062400,GME,7.694238,8.520000457763672,0.0,0.1699991226196289
2019-05-09,8.600000381469727,8.649999618530273,8.479999542236328,8.520000457763672,8.520000457763672,2339500,GME,7.6222734,8.479999542236328,0.0,0.04000091552734375
2019-05-10,8.520000457763672,8.579999923706055,8.359999656677246,8.479999542236328,8.479999542236328,2301500,GME,7.5523186,8.260000228881836,0.0,0.2199993133544922
2019-05-13,8.329999923706055,8.369999885559082,8.170000076293945,8.260000228881836,8.260000228881836,3043200,GME,7.4488497,8.529999732971191,0.0,-0.26999950408935547
2019-05-14,8.319999694824219,8.550000190734863,8.239999771118164,8.529999732971191,8.529999732971191,2612900,GME,7.4046063,8.6899995803833,0.0,-0.15999984741210938
2019-05-15,8.4399995803833,8.710000038146973,8.4399995803833,8.6899995803833,8.6899995803833,2253500,GME,7.462006,8.670000076293945,0.0,0.01999950408935547
2019-05-16,8.739999771118164,8.84000015258789,8.640000343322754,8.670000076293945,8.670000076293945,1751000,GME,7.761103,8.609999656677246,0.0,0.06000041961669922
2019-05-17,8.539999961853027,8.779999732971191,8.539999961853027,8.609999656677246,8.609999656677246,1967300,GME,7.815771,8.0600004196167,0.0,0.5499992370605469
2019-05-20,8.460000038146973,8.520000457763672,7.980000019073486,8.0600004196167,8.0600004196167,5043600,GME,7.7120514,8.130000114440918,0.0,-0.06999969482421875
2019-05-21,8.069999694824219,8.140000343322754,7.889999866485596,8.130000114440918,8.130000114440918,5697100,GME,7.5722966,7.900000095367432,0.0,0.23000001907348633
2019-05-22,8.069999694824219,8.079999923706055,7.760000228881836,7.900000095367432,7.900000095367432,4516100,GME,7.4419293,7.699999809265136,0.0,0.2000002861022958
2019-05-23,7.840000152587891,7.860000133514404,7.670000076293945,7.699999809265137,7.699999809265137,3919500,GME,7.3517036,7.820000171661377,0.0,-0.12000036239624023
2019-05-24,7.710000038146973,7.860000133514404,7.710000038146973,7.820000171661377,7.820000171661377,2542100,GME,7.3181925,7.739999771118164,0.0,0.08000040054321289
2019-05-28,7.849999904632568,7.989999771118164,7.739999771118164,7.739999771118164,7.739999771118164,2732800,GME,7.323362,7.570000171661377,0.0,0.1699995994567871
2019-05-29,7.730000019073486,7.75,7.389999866485596,7.570000171661377,7.570000171661377,4127700,GME,7.2911954,7.599999904632568,0.0,-0.029999732971191406
2019-05-30,7.570000171661377,7.699999809265137,7.53000020980835,7.599999904632568,7.599999904632568,2695200,GME,7.3020964,7.579999923706054,0.0,0.01999998092651456
2019-05-31,7.46999979019165,7.659999847412109,7.320000171661377,7.579999923706055,7.579999923706055,3983100,GME,7.2672133,7.469999790191651,0.0,0.11000013351440341
2019-06-03,7.579999923706055,7.650000095367432,7.420000076293945,7.46999979019165,7.46999979019165,5229100,GME,7.211458,7.820000171661377,0.0,-0.35000038146972656
2019-06-04,7.579999923706055,7.849999904632568,7.519999980926514,7.820000171661377,7.820000171661377,10430100,GME,7.163008,5.039999961853027,0.0,2.7800002098083496
2019-06-05,5.489999771118164,5.590000152587891,4.710000038146973,5.039999961853027,5.039999961853027,39354200,GME,6.099568,5.130000114440918,0.09000015258789062,0.0
2019-06-06,4.980000019073486,5.130000114440918,4.840000152587891,5.130000114440918,5.130000114440918,13558000,GME,5.759003,5.019999980926514,-0.1100001335144043,0.0
2019-06-07,5.130000114440918,5.230000019073486,4.989999771118164,5.019999980926514,5.019999980926514,10591300,GME,5.505386,5.440000057220459,0.4200000762939453,0.0
2019-06-10,5.369999885559082,5.550000190734863,5.289999961853027,5.440000057220459,5.440000057220459,18926500,GME,5.104649,5.71999979019165,0.0,-0.2799997329711914
2019-06-11,5.53000020980835,5.849999904632568,5.489999771118164,5.71999979019165,5.71999979019165,13423800,GME,4.9210896,5.5,0.0,0.2199997901916504
2019-06-12,5.679999828338623,5.800000190734863,5.5,5.5,5.5,4914300,GME,4.9918547,5.699999809265136,0.0,-0.19999980926513583
2019-06-13,5.550000190734863,5.730000019073486,5.489999771118164,5.699999809265137,5.699999809265137,5840800,GME,5.0744443,5.630000114440918,0.0,0.06999969482421875
2019-06-14,5.699999809265137,5.829999923706055,5.610000133514404,5.630000114440918,5.630000114440918,5304600,GME,5.184482,5.699999809265136,0.0,-0.06999969482421786
2019-06-17,5.630000114440918,5.809999942779541,5.599999904632568,5.699999809265137,5.699999809265137,3686500,GME,5.3320904,5.730000019073486,0.0,-0.03000020980834961
2019-06-18,5.710000038146973,5.829999923706055,5.670000076293945,5.730000019073486,5.730000019073486,4070400,GME,5.4766426,5.630000114440918,0.0,0.09999990463256836
2019-06-19,5.75,5.75,5.610000133514404,5.630000114440918,5.630000114440918,2973300,GME,5.637349,5.53000020980835,-0.09999990463256836,0.0
2019-06-20,5.659999847412109,5.690000057220459,5.519999980926514,5.53000020980835,5.53000020980835,3933800,GME,5.7406044,5.420000076293945,-0.1100001335144043,0.0
2019-06-21,5.519999980926514,5.519999980926514,5.309999942779541,5.420000076293945,5.420000076293945,8954300,GME,5.6821117,5.369999885559082,-0.05000019073486328,0.0
2019-06-24,5.409999847412109,5.46999979019165,5.28000020980835,5.369999885559082,5.369999885559082,4823300,GME,5.712655,5.449999809265137,0.07999992370605469,0.0
2019-06-25,5.340000152587891,5.53000020980835,5.320000171661377,5.449999809265137,5.449999809265137,3085400,GME,5.786534,5.469999790191651,0.01999998092651456,0.0
2019-06-26,5.46999979019165,5.519999980926514,5.380000114440918,5.46999979019165,5.46999979019165,3551800,GME,5.8225245,5.539999961853027,0.07000017166137695,0.0
2019-06-27,5.460000038146973,5.590000152587891,5.429999828338623,5.539999961853027,5.539999961853027,3756000,GME,5.8319426,5.469999790191651,-0.07000017166137606,0.0
2019-06-28,5.53000020980835,5.579999923706055,5.440000057220459,5.46999979019165,5.46999979019165,3896400,GME,5.809192,5.360000133514404,-0.1099996566772461,0.0
2019-07-01,5.53000020980835,5.570000171661377,5.340000152587891,5.360000133514404,5.360000133514404,4310800,GME,5.7508655,5.380000114440918,0.019999980926513672,0.0
2019-07-02,5.349999904632568,5.449999809265137,5.320000171661377,5.380000114440918,5.380000114440918,5643500,GME,5.5985513,5.309999942779541,-0.07000017166137695,0.0
2019-07-03,5.409999847412109,5.429999828338623,5.269999980926514,5.309999942779541,5.309999942779541,2562100,GME,5.5191507,5.519999980926513,0.21000003814697177,0.0
2019-07-05,5.300000190734863,5.639999866485596,5.269999980926514,5.519999980926514,5.519999980926514,12894600,GME,5.1478524,5.449999809265137,0.0,0.07000017166137695
2019-07-08,5.5,5.53000020980835,5.420000076293945,5.449999809265137,5.449999809265137,6592700,GME,4.951828,5.309999942779541,0.0,0.1399998664855957
2019-07-09,5.480000019073486,5.550000190734863,5.28000020980835,5.309999942779541,5.309999942779541,11721900,GME,4.583774,5.179999828338623,0.0,0.13000011444091797
2019-07-10,5.349999904632568,5.369999885559082,5.170000076293945,5.179999828338623,5.179999828338623,10853300,GME,4.2652965,4.840000152587891,0.0,0.3399996757507324
2019-07-11,4.980000019073486,5.010000228881836,4.730000019073486,4.840000152587891,4.840000152587891,16778200,GME,3.7649171,4.909999847412109,0.0,-0.06999969482421875
2019-07-12,4.860000133514404,4.929999828338623,4.809999942779541,4.909999847412109,4.909999847412109,4392200,GME,3.5978622,4.75,0.0,0.15999984741210938
2019-07-15,4.869999885559082,4.889999866485596,4.75,4.75,4.75,3068400,GME,3.4905267,4.630000114440918,0.0,0.11999988555908203
2019-07-16,4.760000228881836,4.809999942779541,4.630000114440918,4.630000114440918,4.630000114440918,5970000,GME,3.3553607,4.380000114440918,0.0,0.25
2019-07-17,4.630000114440918,4.639999866485596,4.329999923706055,4.380000114440918,4.380000114440918,7643100,GME,3.2624214,4.199999809265137,0.0,0.18000030517578125
2019-07-18,4.389999866485596,4.420000076293945,4.119999885559082,4.199999809265137,4.199999809265137,8585700,GME,3.5293643,4.320000171661377,0.0,-0.12000036239624023
2019-07-19,4.21999979019165,4.420000076293945,4.21999979019165,4.320000171661377,4.320000171661377,10946500,GME,3.457957,4.139999866485596,0.0,0.18000030517578125
2019-07-22,4.329999923706055,4.400000095367432,4.119999885559082,4.139999866485596,4.139999866485596,5488700,GME,3.5198376,4.090000152587891,0.0,0.04999971389770508
2019-07-23,4.150000095367432,4.199999809265137,3.9800000190734863,4.090000152587891,4.090000152587891,7703500,GME,3.6132908,4.079999923706055,0.0,0.010000228881835938
2019-07-24,4.079999923706055,4.199999809265137,4.050000190734863,4.079999923706055,4.079999923706055,6020600,GME,3.6948137,3.9800000190734863,0.0,0.09999990463256836
2019-07-25,4.099999904632568,4.320000171661377,3.9700000286102295,3.9800000190734863,3.9800000190734863,5790000,GME,3.6911132,4.010000228881836,0.0,-0.03000020980834961
2019-07-26,4.0,4.079999923706055,3.9600000381469727,4.010000228881836,4.010000228881836,3209000,GME,3.7672598,4.119999885559082,0.0,-0.1099996566772461
2019-07-29,4.019999980926514,4.159999847412109,4.019999980926514,4.119999885559082,4.119999885559082,4327100,GME,3.8185258,4.03000020980835,0.0,0.08999967575073242
2019-07-30,4.099999904632568,4.130000114440918,3.9000000953674316,4.03000020980835,4.03000020980835,5271400,GME,3.8175764,4.019999980926514,0.0,0.010000228881835938
2019-07-31,4.03000020980835,4.179999828338623,4.0,4.019999980926514,4.019999980926514,5208900,GME,3.8241923,3.8399999141693115,0.0,0.18000006675720215
2019-08-01,4.019999980926514,4.059999942779541,3.7799999713897705,3.8399999141693115,3.8399999141693115,5596500,GME,3.7906654,3.7799999713897705,0.0,0.059999942779541016
2019-08-02,3.8299999237060547,3.890000104904175,3.75,3.7799999713897705,3.7799999713897705,3594700,GME,3.8158624,3.7100000381469727,-0.06999993324279785,0.0
2019-08-05,3.7200000286102295,3.75,3.5799999237060547,3.7100000381469727,3.7100000381469727,5681800,GME,3.8266997,3.809999942779541,0.09999990463256836,0.0
2019-08-06,3.7300000190734863,3.819999933242798,3.630000114440918,3.809999942779541,3.809999942779541,5157400,GME,3.8110669,3.809999942779541,0.0,0.0
2019-08-07,3.740000009536743,3.8499999046325684,3.6600000858306885,3.809999942779541,3.809999942779541,5856100,GME,3.7558515,3.8900001049041752,0.0,-0.08000016212463423
2019-08-08,3.8399999141693115,3.9100000858306885,3.7699999809265137,3.890000104904175,3.890000104904175,2306700,GME,3.8065636,3.589999914169312,0.0,0.30000019073486284
2019-08-09,3.8299999237060547,3.859999895095825,3.5899999141693115,3.5899999141693115,3.5899999141693115,3079400,GME,3.8050156,3.509999990463257,-0.07999992370605469,0.0
2019-08-12,3.5799999237060547,3.619999885559082,3.440000057220459,3.509999990463257,3.509999990463257,2677600,GME,3.8231823,3.470000028610229,-0.03999996185302779,0.0
2019-08-13,3.4800000190734863,3.759999990463257,3.4700000286102295,3.4700000286102295,3.4700000286102295,4504500,GME,3.7776,3.319999933242798,-0.15000009536743164,0.0
2019-08-14,3.390000104904175,3.4200000762939453,3.190000057220459,3.319999933242798,3.319999933242798,6081900,GME,3.6643658,3.210000038146973,-0.10999989509582475,0.0
2019-08-15,3.319999933242798,3.4100000858306885,3.1500000953674316,3.2100000381469727,3.2100000381469727,5888400,GME,3.5780883,3.319999933242798,0.1099998950958252,0.0
2019-08-16,3.25,3.359999895095825,3.2100000381469727,3.319999933242798,3.319999933242798,3130700,GME,3.6801238,3.3800001144409175,0.06000018119811967,0.0
2019-08-19,3.369999885559082,3.4700000286102295,3.3399999141693115,3.380000114440918,3.380000114440918,2887500,GME,3.7912288,3.4200000762939453,0.039999961853027344,0.0
2019-08-20,3.3499999046325684,3.4600000381469727,3.2799999713897705,3.4200000762939453,3.4200000762939453,4260000,GME,3.9152648,3.5399999618530273,0.11999988555908203,0.0
2019-08-21,3.5,3.619999885559082,3.440000057220459,3.5399999618530273,3.5399999618530273,5910900,GME,3.9894605,3.869999885559082,0.3299999237060547,0.0
2019-08-22,3.9700000286102295,4.25,3.7200000286102295,3.869999885559082,3.869999885559082,29177300,GME,3.5423384,3.6500000953674316,0.0,0.2199997901916504
2019-08-23,3.8399999141693115,3.9000000953674316,3.559999942779541,3.6500000953674316,3.6500000953674316,8660900,GME,3.4819145,3.8199999332427974,0.0,-0.16999983787536577
2019-08-26,3.7200000286102295,4.039999961853027,3.6500000953674316,3.819999933242798,3.819999933242798,10319400,GME,3.3724563,3.7000000476837154,0.0,0.11999988555908248
2019-08-27,3.869999885559082,3.930000066757202,3.680000066757202,3.700000047683716,3.700000047683716,5701000,GME,3.42626,3.880000114440918,0.0,-0.18000006675720215
2019-08-28,3.700000047683716,3.9700000286102295,3.6700000762939453,3.880000114440918,3.880000114440918,6439200,GME,3.49534,4.230000019073486,0.0,-0.34999990463256836
2019-08-29,3.930000066757202,4.289999961853027,3.75,4.230000019073486,4.230000019073486,13363500,GME,3.4305294,3.9700000286102295,0.0,0.25999999046325684
2019-08-30,4.260000228881836,4.360000133514404,3.9200000762939453,3.9700000286102295,3.9700000286102295,10634600,GME,3.471152,3.809999942779541,0.0,0.16000008583068848
2019-09-03,3.9700000286102295,4.070000171661377,3.6600000858306885,3.809999942779541,3.809999942779541,9044400,GME,3.4712024,3.9800000190734863,0.0,-0.1700000762939453
2019-09-04,3.880000114440918,4.0,3.8499999046325684,3.9800000190734863,3.9800000190734863,4227100,GME,3.638954,4.230000019073486,0.0,-0.25
2019-09-05,4.079999923706055,4.239999771118164,4.070000171661377,4.230000019073486,4.230000019073486,6892000,GME,3.7382414,4.309999942779541,0.0,-0.07999992370605469
2019-09-06,4.239999771118164,4.360000133514404,4.139999866485596,4.309999942779541,4.309999942779541,6701500,GME,3.8444376,4.760000228881836,0.0,-0.4500002861022949
2019-09-09,4.349999904632568,4.920000076293945,4.349999904632568,4.760000228881836,4.760000228881836,14578800,GME,3.7411418,5.090000152587891,0.0,-0.3299999237060547
2019-09-10,4.869999885559082,5.099999904632568,4.510000228881836,5.090000152587891,5.090000152587891,16659200,GME,3.6252925,4.590000152587891,0.0,0.5
2019-09-11,4.190000057220459,4.949999809265137,3.9700000286102295,4.590000152587891,4.590000152587891,34005000,GME,2.999527,4.579999923706055,0.0,0.010000228881835938
2019-09-12,4.599999904632568,4.809999942779541,4.429999828338623,4.579999923706055,4.579999923706055,8908700,GME,3.0794027,4.409999847412109,0.0,0.1700000762939453
2019-09-13,4.619999885559082,4.769999980926514,4.369999885559082,4.409999847412109,4.409999847412109,7662200,GME,3.1757457,4.349999904632568,0.0,0.059999942779541016
2019-09-16,4.300000190734863,4.46999979019165,4.269999980926514,4.349999904632568,4.349999904632568,6761300,GME,3.254401,4.329999923706055,0.0,0.019999980926513672
2019-09-17,4.300000190734863,4.340000152587891,4.130000114440918,4.329999923706055,4.329999923706055,6406000,GME,3.3517597,4.599999904632568,0.0,-0.26999998092651367
2019-09-18,4.329999923706055,4.690000057220459,4.329999923706055,4.599999904632568,4.599999904632568,9796200,GME,3.3639896,4.440000057220459,0.0,0.15999984741210938
2019-09-19,4.639999866485596,4.670000076293945,4.420000076293945,4.440000057220459,4.440000057220459,7860300,GME,3.420414,4.699999809265137,0.0,-0.25999975204467773
2019-09-20,4.590000152587891,4.800000190734863,4.5,4.699999809265137,4.699999809265137,11603800,GME,3.3194509,5.019999980926514,0.0,-0.32000017166137695
2019-09-23,4.679999828338623,5.199999809265137,4.610000133514404,5.019999980926514,5.019999980926514,12474000,GME,3.2239819,5.010000228881836,0.0,0.009999752044677734
2019-09-24,5.139999866485596,5.5,4.980000019073486,5.010000228881836,5.010000228881836,13097900,GME,3.1244276,5.199999809265137,0.0,-0.18999958038330078
2019-09-25,5.090000152587891,5.550000190734863,5.079999923706055,5.199999809265137,5.199999809265137,12164300,GME,3.0745683,5.28000020980835,0.0,-0.08000040054321289
2019-09-26,5.190000057220459,5.340000152587891,5.079999923706055,5.28000020980835,5.28000020980835,6080900,GME,3.2357888,5.340000152587891,0.0,-0.059999942779541016
2019-09-27,5.25,5.449999809265137,5.21999979019165,5.340000152587891,5.340000152587891,5548500,GME,3.4045787,5.519999980926513,0.0,-0.17999982833862216
2019-09-30,5.429999828338623,5.639999866485596,5.400000095367432,5.519999980926514,5.519999980926514,8919800,GME,3.4525673,5.579999923706054,0.0,-0.05999994277954013
2019-10-01,5.639999866485596,5.820000171661377,5.489999771118164,5.579999923706055,5.579999923706055,6592400,GME,3.5586174,5.320000171661377,0.0,0.25999975204467773
2019-10-02,5.550000190734863,5.550000190734863,5.239999771118164,5.320000171661377,5.320000171661377,8154900,GME,3.5951483,5.420000076293945,0.0,-0.09999990463256836
2019-10-03,5.300000190734863,5.480000019073486,5.230000019073486,5.420000076293945,5.420000076293945,4346700,GME,3.7455747,5.550000190734863,0.0,-0.13000011444091797
2019-10-04,5.429999828338623,5.559999942779541,5.369999885559082,5.550000190734863,5.550000190734863,4213100,GME,4.1440196,5.489999771118164,0.0,0.06000041961669922
2019-10-07,5.480000019073486,5.579999923706055,5.409999847412109,5.489999771118164,5.489999771118164,4154800,GME,4.285597,5.230000019073486,0.0,0.25999975204467773
2019-10-08,5.429999828338623,5.440000057220459,5.159999847412109,5.230000019073486,5.230000019073486,4823100,GME,4.377499,4.989999771118164,0.0,0.24000024795532227
2019-10-09,5.25,5.300000190734863,4.960000038146973,4.989999771118164,4.989999771118164,5809600,GME,4.3506107,5.050000190734863,0.0,-0.06000041961669922
2019-10-10,5.019999980926514,5.150000095367432,4.960000038146973,5.050000190734863,5.050000190734863,5228000,GME,4.334553,5.369999885559082,0.0,-0.31999969482421875
2019-10-11,5.139999866485596,5.489999771118164,5.139999866485596,5.369999885559082,5.369999885559082,5909200,GME,4.3885703,5.579999923706054,0.0,-0.21000003814697177
2019-10-14,5.320000171661377,5.590000152587891,5.21999979019165,5.579999923706055,5.579999923706055,5273900,GME,4.43717,5.610000133514404,0.0,-0.03000020980834961
2019-10-15,5.599999904632568,5.909999847412109,5.590000152587891,5.610000133514404,5.610000133514404,6350900,GME,4.3422146,5.880000114440918,0.0,-0.26999998092651367
2019-10-16,5.579999923706055,5.909999847412109,5.579999923706055,5.880000114440918,5.880000114440918,3868700,GME,4.275317,6.03000020980835,0.0,-0.15000009536743164
2019-10-17,5.889999866485596,6.050000190734863,5.800000190734863,6.03000020980835,6.03000020980835,3606600,GME,4.2827935,5.940000057220459,0.0,0.09000015258789062
2019-10-18,6.03000020980835,6.050000190734863,5.769999980926514,5.940000057220459,5.940000057220459,3197100,GME,4.3180017,5.929999828338622,0.0,0.010000228881836826
2019-10-21,5.980000019073486,6.159999847412109,5.820000171661377,5.929999828338623,5.929999828338623,3611600,GME,4.446254,6.389999866485596,0.0,-0.46000003814697266
2019-10-22,5.929999828338623,6.440000057220459,5.929999828338623,6.389999866485596,6.389999866485596,4174500,GME,4.6171927,6.429999828338623,0.0,-0.039999961853027344
2019-10-23,6.329999923706055,6.619999885559082,6.230000019073486,6.429999828338623,6.429999828338623,4071400,GME,5.008747,6.420000076293946,0.0,0.009999752044676846
2019-10-24,6.5,6.550000190734863,6.03000020980835,6.420000076293945,6.420000076293945,4268200,GME,5.086514,6.349999904632568,0.0,0.07000017166137695
2019-10-25,6.320000171661377,6.429999828338623,6.25,6.349999904632568,6.349999904632568,2645400,GME,5.1825323,6.19000005722046,0.0,0.1599998474121085
2019-10-28,6.380000114440918,6.489999771118164,6.170000076293945,6.190000057220459,6.190000057220459,2854700,GME,5.2427654,5.80999994277954,0.0,0.38000011444091886
2019-10-29,6.210000038146973,6.25,5.789999961853027,5.809999942779541,5.809999942779541,3918800,GME,5.224506,5.730000019073486,0.0,0.07999992370605469
2019-10-30,5.760000228881836,5.829999923706055,5.519999980926514,5.730000019073486,5.730000019073486,3739500,GME,5.2188025,5.440000057220459,0.0,0.28999996185302734
2019-10-31,5.630000114440918,5.690000057220459,5.309999942779541,5.440000057220459,5.440000057220459,4358600,GME,5.1555476,5.8400001525878915,0.0,-0.40000009536743253
2019-11-01,5.449999809265137,6.0,5.429999828338623,5.840000152587891,5.840000152587891,5210400,GME,5.1436167,5.849999904632568,0.0,-0.009999752044677734
2019-11-04,5.900000095367432,6.019999980926514,5.769999980926514,5.849999904632568,5.849999904632568,3670000,GME,5.313324,5.909999847412109,0.0,-0.059999942779541016
2019-11-05,5.880000114440918,6.199999809265137,5.860000133514404,5.909999847412109,5.909999847412109,3374100,GME,5.502872,6.090000152587891,0.0,-0.18000030517578125
2019-11-06,5.900000095367432,6.190000057220459,5.820000171661377,6.090000152587891,6.090000152587891,4128300,GME,5.651272,6.2199997901916495,0.0,-0.12999963760375888
2019-11-07,6.179999828338623,6.320000171661377,6.039999961853027,6.21999979019165,6.21999979019165,3129300,GME,5.7623305,6.090000152587891,0.0,0.12999963760375977
2019-11-08,6.170000076293945,6.28000020980835,6.050000190734863,6.090000152587891,6.090000152587891,1968700,GME,5.8776307,6.019999980926514,0.0,0.07000017166137695
2019-11-11,6.050000190734863,6.090000152587891,5.769999980926514,6.019999980926514,6.019999980926514,3109400,GME,5.967857,5.920000076293945,0.0,0.09999990463256836
2019-11-12,6.03000020980835,6.070000171661377,5.869999885559082,5.920000076293945,5.920000076293945,1834500,GME,6.0548596,5.940000057220459,0.019999980926513672,0.0
2019-11-13,5.909999847412109,5.96999979019165,5.809999942779541,5.940000057220459,5.940000057220459,1533600,GME,6.1601834,5.980000019073486,0.039999961853027344,0.0
2019-11-14,5.949999809265137,6.110000133514404,5.900000095367432,5.980000019073486,5.980000019073486,1708700,GME,6.221805,5.880000114440918,-0.09999990463256836,0.0
2019-11-15,6.0,6.010000228881836,5.849999904632568,5.880000114440918,5.880000114440918,2165900,GME,6.2625647,5.619999885559082,-0.26000022888183594,0.0
2019-11-18,5.849999904632568,5.849999904632568,5.610000133514404,5.619999885559082,5.619999885559082,2995900,GME,6.261161,5.5,-0.11999988555908203,0.0
2019-11-19,5.570000171661377,5.659999847412109,5.449999809265137,5.5,5.5,3360500,GME,6.25213,5.460000038146972,-0.03999996185302823,0.0
2019-11-20,5.539999961853027,5.539999961853027,5.360000133514404,5.460000038146973,5.460000038146973,2666700,GME,6.2806215,5.5,0.039999961853027344,0.0
2019-11-21,5.460000038146973,5.579999923706055,5.349999904632568,5.5,5.5,2784000,GME,6.307759,5.659999847412109,0.15999984741210938,0.0
2019-11-22,5.590000152587891,5.849999904632568,5.5,5.659999847412109,5.659999847412109,3493100,GME,6.3387623,6.03000020980835,0.37000036239624023,0.0
2019-11-25,5.670000076293945,6.059999942779541,5.630000114440918,6.03000020980835,6.03000020980835,2744900,GME,6.3974566,6.099999904632568,0.06999969482421875,0.0
2019-11-26,6.03000020980835,6.260000228881836,6.010000228881836,6.099999904632568,6.099999904632568,2648700,GME,6.484444,6.349999904632568,0.25,0.0
2019-11-27,6.099999904632568,6.389999866485596,6.019999980926514,6.349999904632568,6.349999904632568,3030000,GME,6.539494,6.340000152587891,-0.009999752044677734,0.0
2019-11-29,6.329999923706055,6.389999866485596,6.239999771118164,6.340000152587891,6.340000152587891,1369000,GME,6.637757,6.170000076293945,-0.1700000762939453,0.0
2019-12-02,6.349999904632568,6.460000038146973,6.090000152587891,6.170000076293945,6.170000076293945,2060600,GME,6.763392,6.119999885559082,-0.05000019073486328,0.0
2019-12-03,6.039999961853027,6.179999828338623,5.929999828338623,6.119999885559082,6.119999885559082,2214900,GME,6.85506,6.429999828338623,0.309999942779541,0.0
2019-12-04,6.170000076293945,6.489999771118164,6.119999885559082,6.429999828338623,6.429999828338623,2872400,GME,6.9300823,6.400000095367432,-0.029999732971191406,0.0
2019-12-05,6.320000171661377,6.519999980926514,6.239999771118164,6.400000095367432,6.400000095367432,4381400,GME,6.9432883,6.679999828338623,0.2799997329711914,0.0
2019-12-06,6.389999866485596,6.679999828338623,6.389999866485596,6.679999828338623,6.679999828338623,4757300,GME,6.945928,6.329999923706055,-0.34999990463256836,0.0
2019-12-09,6.650000095367432,6.920000076293945,6.190000057220459,6.329999923706055,6.329999923706055,6250600,GME,6.8582106,6.510000228881836,0.18000030517578125,0.0
2019-12-10,6.289999961853027,6.539999961853027,6.119999885559082,6.510000228881836,6.510000228881836,9594900,GME,6.675046,5.53000020980835,-0.9800000190734863,0.0
2019-12-11,5.25,5.809999942779541,5.179999828338623,5.53000020980835,5.53000020980835,19517800,GME,6.1382856,5.579999923706054,0.04999971389770419,0.0
2019-12-12,5.460000038146973,5.710000038146973,5.409999847412109,5.579999923706055,5.579999923706055,6387300,GME,5.9926515,5.449999809265137,-0.13000011444091797,0.0
2019-12-13,5.46999979019165,5.619999885559082,5.239999771118164,5.449999809265137,5.449999809265137,5439000,GME,5.8953557,5.5,0.05000019073486328,0.0
2019-12-16,5.389999866485596,5.590000152587891,5.389999866485596,5.5,5.5,4406900,GME,5.8721333,6.059999942779541,0.559999942779541,0.0
2019-12-17,5.5,6.079999923706055,5.489999771118164,6.059999942779541,6.059999942779541,4141400,GME,5.9095974,6.1599998474121085,0.0,-0.09999990463256747
2019-12-18,6.059999942779541,6.269999980926514,5.929999828338623,6.159999847412109,6.159999847412109,5264100,GME,5.961958,6.059999942779541,0.0,0.09999990463256836
2019-12-19,6.210000038146973,6.239999771118164,6.03000020980835,6.059999942779541,6.059999942779541,4452000,GME,6.047657,5.989999771118163,0.0,0.07000017166137784
2019-12-20,6.059999942779541,6.21999979019165,5.960000038146973,5.989999771118164,5.989999771118164,5484600,GME,6.080966,5.610000133514404,-0.37999963760375977,0.0
2019-12-23,6.050000190734863,6.070000171661377,5.539999961853027,5.610000133514404,5.610000133514404,6282700,GME,6.043742,5.440000057220459,-0.1700000762939453,0.0
2019-12-24,5.650000095367432,5.670000076293945,5.440000057220459,5.440000057220459,5.440000057220459,3395500,GME,6.0706716,5.400000095367431,-0.03999996185302823,0.0
2019-12-26,5.46999979019165,5.510000228881836,5.25,5.400000095367432,5.400000095367432,4264400,GME,6.045771,5.900000095367432,0.5,0.0
2019-12-27,5.420000076293945,5.980000019073486,5.389999866485596,5.900000095367432,5.900000095367432,11041300,GME,5.764683,6.130000114440919,0.0,-0.23000001907348722
2019-12-30,5.880000114440918,6.25,5.760000228881836,6.130000114440918,6.130000114440918,4482100,GME,5.715716,6.079999923706055,0.0,0.05000019073486328
2019-12-31,6.079999923706055,6.389999866485596,5.989999771118164,6.079999923706055,6.079999923706055,4322600,GME,5.706969,6.309999942779541,0.0,-0.23000001907348633
2020-01-02,6.139999866485596,6.46999979019165,6.070000171661377,6.309999942779541,6.309999942779541,4453600,GME,5.8371577,5.880000114440918,0.0,0.42999982833862305
2020-01-03,6.210000038146973,6.25,5.840000152587891,5.880000114440918,5.880000114440918,3543900,GME,5.9613094,5.849999904632568,-0.03000020980834961,0.0
2020-01-06,5.800000190734863,5.909999847412109,5.599999904632568,5.849999904632568,5.849999904632568,3394800,GME,6.0383296,5.519999980926513,-0.3299999237060556,0.0
2020-01-07,5.769999980926514,5.829999923706055,5.440000057220459,5.519999980926514,5.519999980926514,5228000,GME,6.0905347,5.71999979019165,0.19999980926513672,0.0
2020-01-08,5.489999771118164,5.849999904632568,5.409999847412109,5.71999979019165,5.71999979019165,5629400,GME,6.1136847,5.550000190734863,-0.1699995994567871,0.0
2020-01-09,5.820000171661377,5.820000171661377,5.480000019073486,5.550000190734863,5.550000190734863,2643000,GME,6.169503,5.429999828338623,-0.12000036239624023,0.0
2020-01-10,5.559999942779541,5.599999904632568,5.380000114440918,5.429999828338623,5.429999828338623,2781400,GME,6.174819,5.429999828338623,0.0,0.0
2020-01-13,5.429999828338623,5.610000133514404,5.329999923706055,5.429999828338623,5.429999828338623,3625200,GME,6.1306596,4.710000038146973,-0.7199997901916504,0.0
2020-01-14,4.78000020980835,5.0,4.53000020980835,4.710000038146973,4.710000038146973,12561900,GME,5.743665,4.610000133514404,-0.09999990463256836,0.0
2020-01-15,4.659999847412109,4.730000019073486,4.550000190734863,4.610000133514404,4.610000133514404,4981100,GME,5.5620456,4.619999885559082,0.009999752044677734,0.0
2020-01-16,4.610000133514404,4.710000038146973,4.519999980926514,4.619999885559082,4.619999885559082,4287100,GME,5.5501447,4.75,0.13000011444091797,0.0
2020-01-17,4.579999923706055,4.75,4.510000228881836,4.75,4.75,4019500,GME,5.554197,4.590000152587891,-0.15999984741210938,0.0
2020-01-21,4.75,4.75,4.550000190734863,4.590000152587891,4.590000152587891,3532100,GME,5.575461,4.559999942779541,-0.03000020980834961,0.0
2020-01-22,4.550000190734863,4.639999866485596,4.460000038146973,4.559999942779541,4.559999942779541,2627500,GME,5.6034465,4.619999885559082,0.059999942779541016,0.0
2020-01-23,4.550000190734863,4.639999866485596,4.460000038146973,4.619999885559082,4.619999885559082,1880200,GME,5.675006,4.320000171661377,-0.2999997138977051,0.0
2020-01-24,4.639999866485596,4.639999866485596,4.25,4.320000171661377,4.320000171661377,4163600,GME,5.702108,4.28000020980835,-0.039999961853027344,0.0
2020-01-27,4.199999809265137,4.349999904632568,4.159999847412109,4.28000020980835,4.28000020980835,2122500,GME,5.8980947,4.210000038146973,-0.07000017166137695,0.0
2020-01-28,4.300000190734863,4.300000190734863,4.179999828338623,4.210000038146973,4.210000038146973,2144900,GME,5.938199,4.130000114440918,-0.07999992370605469,0.0
2020-01-29,4.21999979019165,4.320000171661377,4.130000114440918,4.130000114440918,4.130000114440918,1552600,GME,5.978105,3.930000066757202,-0.20000004768371582,0.0
2020-01-30,4.099999904632568,4.119999885559082,3.880000114440918,3.930000066757202,3.930000066757202,3006500,GME,5.9476557,3.8399999141693115,-0.09000015258789062,0.0
2020-01-31,3.9100000858306885,3.940000057220459,3.8299999237060547,3.8399999141693115,3.8399999141693115,2891700,GME,5.903025,3.950000047683716,0.1100001335144043,0.0
2020-02-03,3.880000114440918,3.9800000190734863,3.8499999046325684,3.950000047683716,3.950000047683716,2026200,GME,5.949689,4.070000171661377,0.12000012397766113,0.0
2020-02-04,4.03000020980835,4.25,3.9700000286102295,4.070000171661377,4.070000171661377,3563100,GME,5.964805,4.179999828338623,0.1099996566772461,0.0
2020-02-05,4.150000095367432,4.409999847412109,4.139999866485596,4.179999828338623,4.179999828338623,2641700,GME,5.858595,4.139999866485596,-0.039999961853027344,0.0
2020-02-06,4.199999809265137,4.300000190734863,4.139999866485596,4.139999866485596,4.139999866485596,1510300,GME,5.7974324,3.809999942779541,-0.3299999237060547,0.0
2020-02-07,4.110000133514404,4.130000114440918,3.7699999809265137,3.809999942779541,3.809999942779541,2742300,GME,5.656918,3.940000057220459,0.13000011444091797,0.0
2020-02-10,3.8499999046325684,4.099999904632568,3.740000009536743,3.940000057220459,3.940000057220459,2777000,GME,5.5397887,4.019999980926514,0.07999992370605469,0.0
2020-02-11,3.9800000190734863,4.239999771118164,3.950000047683716,4.019999980926514,4.019999980926514,3415000,GME,5.4944797,4.190000057220459,0.1700000762939453,0.0
2020-02-12,4.130000114440918,4.510000228881836,4.070000171661377,4.190000057220459,4.190000057220459,4820600,GME,5.3670073,4.110000133514404,-0.07999992370605469,0.0
2020-02-13,4.119999885559082,4.260000228881836,4.070000171661377,4.110000133514404,4.110000133514404,2081700,GME,5.3796163,4.019999980926514,-0.09000015258789062,0.0
2020-02-14,4.110000133514404,4.190000057220459,4.019999980926514,4.019999980926514,4.019999980926514,1582700,GME,5.2125525,4.059999942779541,0.039999961853027344,0.0
2020-02-18,4.010000228881836,4.079999923706055,3.9600000381469727,4.059999942779541,4.059999942779541,1467600,GME,5.0526543,4.150000095367432,0.09000015258789062,0.0
2020-02-19,4.059999942779541,4.269999980926514,3.9200000762939453,4.150000095367432,4.150000095367432,2593100,GME,4.791937,4.139999866485596,-0.010000228881835938,0.0
2020-02-20,4.159999847412109,4.300000190734863,4.110000133514404,4.139999866485596,4.139999866485596,1562300,GME,4.639583,4.039999961853027,-0.09999990463256836,0.0
2020-02-21,4.119999885559082,4.179999828338623,3.990000009536743,4.039999961853027,4.039999961853027,1695700,GME,4.510866,3.7000000476837154,-0.33999991416931197,0.0
2020-02-24,3.9000000953674316,3.930000066757202,3.700000047683716,3.700000047683716,3.700000047683716,3566300,GME,4.2972045,3.5599999427795415,-0.14000010490417436,0.0
2020-02-25,3.7699999809265137,3.7899999618530273,3.549999952316284,3.559999942779541,3.559999942779541,4447900,GME,4.0800824,3.390000104904175,-0.1699998378753662,0.0
2020-02-26,3.5799999237060547,3.619999885559082,3.359999895095825,3.390000104904175,3.390000104904175,4724800,GME,3.7073743,3.470000028610229,0.07999992370605424,0.0
2020-02-27,3.2300000190734863,3.630000114440918,3.180000066757202,3.4700000286102295,3.4700000286102295,3879500,GME,3.4825003,3.5999999046325684,0.12999987602233887,0.0
2020-02-28,3.3399999141693115,3.7200000286102295,3.3399999141693115,3.5999999046325684,3.5999999046325684,4692200,GME,3.243156,3.8299999237060547,0.0,-0.23000001907348633
2020-03-02,3.5999999046325684,3.8499999046325684,3.390000104904175,3.8299999237060547,3.8299999237060547,3208400,GME,3.1308749,3.630000114440918,0.0,0.19999980926513672
2020-03-03,3.880000114440918,3.890000104904175,3.5,3.630000114440918,3.630000114440918,4282500,GME,3.0279,3.7699999809265137,0.0,-0.1399998664855957
2020-03-04,3.7100000381469727,3.8299999237060547,3.4600000381469727,3.7699999809265137,3.7699999809265137,4257600,GME,2.9571712,3.9600000381469727,0.0,-0.19000005722045898
2020-03-05,3.700000047683716,3.990000009536743,3.5899999141693115,3.9600000381469727,3.9600000381469727,3599400,GME,2.9333036,3.9200000762939458,0.0,0.0399999618530269
2020-03-06,3.8399999141693115,4.070000171661377,3.759999990463257,3.9200000762939453,3.9200000762939453,2096800,GME,2.9629264,3.7000000476837154,0.0,0.22000002861022994
2020-03-09,3.5899999141693115,3.9700000286102295,3.5,3.700000047683716,3.700000047683716,2732000,GME,3.055484,4.230000019073486,0.0,-0.5299999713897705
2020-03-10,3.940000057220459,4.260000228881836,3.799999952316284,4.230000019073486,4.230000019073486,4863200,GME,3.1199236,4.139999866485596,0.0,0.09000015258789062
2020-03-11,4.139999866485596,4.25,4.0,4.139999866485596,4.139999866485596,4414100,GME,3.1972256,3.9800000190734863,0.0,0.15999984741210938
2020-03-12,3.700000047683716,4.039999961853027,3.4800000190734863,3.9800000190734863,3.9800000190734863,5123400,GME,3.3123367,4.590000152587891,0.0,-0.6100001335144043
2020-03-13,4.130000114440918,4.650000095367432,3.8499999046325684,4.590000152587891,4.590000152587891,5787200,GME,3.474871,4.369999885559082,0.0,0.2200002670288086
2020-03-16,3.930000066757202,4.570000171661377,3.9000000953674316,4.369999885559082,4.369999885559082,4866700,GME,3.624244,4.230000019073486,0.0,0.1399998664855957
2020-03-17,4.400000095367432,4.650000095367432,4.110000133514404,4.230000019073486,4.230000019073486,3562200,GME,3.778735,3.7699999809265137,0.0,0.46000003814697266
2020-03-18,4.099999904632568,4.25,3.5,3.7699999809265137,3.7699999809265137,3651700,GME,3.8512442,4.190000057220459,0.4200000762939453,0.0
2020-03-19,3.7100000381469727,4.199999809265137,3.549999952316284,4.190000057220459,4.190000057220459,5039500,GME,3.8643491,3.7599999904632564,0.0,0.4300000667572026
2020-03-20,4.079999923706055,4.079999923706055,3.6500000953674316,3.759999990463257,3.759999990463257,7722200,GME,3.7885888,3.809999942779541,0.04999995231628418,0.0
2020-03-23,3.5799999237060547,3.859999895095825,3.5,3.809999942779541,3.809999942779541,6009800,GME,3.7787256,4.159999847412109,0.0,-0.34999990463256836
2020-03-24,3.950000047683716,4.210000038146973,3.890000104904175,4.159999847412109,4.159999847412109,6805600,GME,3.8084297,4.170000076293945,0.0,-0.010000228881835938
2020-03-25,4.150000095367432,4.489999771118164,4.039999961853027,4.170000076293945,4.170000076293945,3592100,GME,3.9576254,4.409999847412109,0.0,-0.23999977111816406
2020-03-26,4.239999771118164,4.710000038146973,4.239999771118164,4.409999847412109,4.409999847412109,6185700,GME,4.0755377,4.21999979019165,0.0,0.19000005722045898
2020-03-27,4.940000057220459,5.090000152587891,4.150000095367432,4.21999979019165,4.21999979019165,7024800,GME,4.130698,3.6500000953674316,0.0,0.5699996948242188
2020-03-30,4.21999979019165,4.269999980926514,3.6500000953674316,3.6500000953674316,3.6500000953674316,3350600,GME,4.317234,3.5000000000000004,-0.1500000953674312,0.0
2020-03-31,3.630000114440918,3.799999952316284,3.5,3.5,3.5,2300900,GME,4.477914,3.25,-0.25,0.0
2020-04-01,3.450000047683716,3.490000009536743,3.119999885559082,3.25,3.25,4568700,GME,4.6294174,2.849999904632568,-0.4000000953674321,0.0
2020-04-02,3.259999990463257,3.3499999046325684,2.8499999046325684,2.8499999046325684,2.8499999046325684,4064300,GME,4.7236104,2.799999952316284,-0.04999995231628418,0.0
2020-04-03,2.8499999046325684,2.940000057220459,2.569999933242798,2.799999952316284,2.799999952316284,3830400,GME,4.771504,3.0899999141693115,0.28999996185302734,0.0
2020-04-06,2.859999895095825,3.200000047683716,2.8299999237060547,3.0899999141693115,3.0899999141693115,3340500,GME,4.8539968,3.269999980926514,0.1800000667572026,0.0
2020-04-07,3.390000104904175,3.440000057220459,3.0999999046325684,3.2699999809265137,3.2699999809265137,2836900,GME,4.9519176,3.410000085830688,0.14000010490417436,0.0
2020-04-08,3.2300000190734863,3.6700000762939453,3.200000047683716,3.4100000858306885,3.4100000858306885,2884500,GME,5.0218005,3.8900001049041752,0.48000001907348677,0.0
2020-04-09,3.5999999046325684,4.25,3.490000009536743,3.890000104904175,3.890000104904175,5908600,GME,5.0308857,4.739999771118164,0.8499996662139893,0.0
2020-04-13,4.25,4.760000228881836,4.159999847412109,4.739999771118164,4.739999771118164,6844500,GME,5.1349645,5.949999809265137,1.2100000381469727,0.0
2020-04-14,5.210000038146973,6.46999979019165,5.139999866485596,5.949999809265137,5.949999809265137,13506600,GME,5.1452665,5.269999980926514,0.0,0.679999828338623
2020-04-15,5.659999847412109,5.670000076293945,4.900000095367432,5.269999980926514,5.269999980926514,7499900,GME,5.2542295,5.03000020980835,0.0,0.23999977111816406
2020-04-16,5.119999885559082,5.440000057220459,4.880000114440918,5.03000020980835,5.03000020980835,3371900,GME,5.3251777,4.880000114440918,-0.15000009536743164,0.0
2020-04-17,5.21999979019165,5.28000020980835,4.429999828338623,4.880000114440918,4.880000114440918,5653200,GME,5.2771215,5.610000133514404,0.7300000190734863,0.0
2020-04-20,4.849999904632568,5.900000095367432,4.78000020980835,5.610000133514404,5.610000133514404,6085000,GME,5.251658,4.78000020980835,0.0,0.8299999237060547
2020-04-21,5.230000019073486,5.300000190734863,4.760000228881836,4.78000020980835,4.78000020980835,4142100,GME,5.4503994,4.889999866485596,0.1099996566772461,0.0
2020-04-22,5.139999866485596,5.170000076293945,4.829999923706055,4.889999866485596,4.889999866485596,2677800,GME,5.686114,4.699999809265137,-0.19000005722045898,0.0
2020-04-23,4.75,4.889999866485596,4.579999923706055,4.699999809265137,4.699999809265137,2265900,GME,5.8640304,4.769999980926514,0.07000017166137695,0.0
2020-04-24,4.78000020980835,4.849999904632568,4.659999847412109,4.769999980926514,4.769999980926514,2236200,GME,6.026123,5.820000171661377,1.0500001907348633,0.0
2020-04-27,4.849999904632568,5.989999771118164,4.809999942779541,5.820000171661377,5.820000171661377,7275100,GME,6.077605,5.639999866485595,-0.18000030517578214,0.0
2020-04-28,5.920000076293945,6.039999961853027,5.059999942779541,5.639999866485596,5.639999866485596,5200200,GME,6.16907,6.039999961853027,0.40000009536743164,0.0
2020-04-29,5.829999923706055,6.090000152587891,5.449999809265137,6.039999961853027,6.039999961853027,3369600,GME,6.2961435,5.730000019073486,-0.309999942779541,0.0
2020-04-30,5.869999885559082,5.980000019073486,5.639999866485596,5.730000019073486,5.730000019073486,2173300,GME,6.6404877,6.050000190734863,0.32000017166137695,0.0
2020-05-01,5.650000095367432,6.179999828338623,5.449999809265137,6.050000190734863,6.050000190734863,4005600,GME,6.8969097,5.480000019073486,-0.570000171661377,0.0
2020-05-04,5.840000152587891,5.929999828338623,5.400000095367432,5.480000019073486,5.480000019073486,4068100,GME,7.0824404,5.389999866485596,-0.09000015258789062,0.0
2020-05-05,5.550000190734863,5.630000114440918,5.349999904632568,5.389999866485596,5.389999866485596,2105900,GME,7.2162223,4.929999828338623,-0.46000003814697266,0.0
2020-05-06,5.400000095367432,5.400000095367432,4.900000095367432,4.929999828338623,4.929999828338623,3369600,GME,7.215407,4.869999885559082,-0.059999942779541016,0.0
2020-05-07,4.829999923706055,4.929999828338623,4.650000095367432,4.869999885559082,4.869999885559082,2500800,GME,7.083556,4.980000019073486,0.1100001335144043,0.0
2020-05-08,4.880000114440918,5.190000057220459,4.820000171661377,4.980000019073486,4.980000019073486,2353700,GME,6.992519,4.760000228881836,-0.2199997901916504,0.0
2020-05-11,4.920000076293945,4.960000038146973,4.75,4.760000228881836,4.760000228881836,1699200,GME,6.930055,4.539999961853027,-0.2200002670288086,0.0
2020-05-12,4.78000020980835,4.920000076293945,4.460000038146973,4.539999961853027,4.539999961853027,2639200,GME,6.8168926,4.210000038146973,-0.3299999237060547,0.0
2020-05-13,4.539999961853027,4.539999961853027,4.070000171661377,4.210000038146973,4.210000038146973,2882900,GME,6.6786623,4.130000114440918,-0.07999992370605469,0.0
2020-05-14,4.150000095367432,4.190000057220459,3.9600000381469727,4.130000114440918,4.130000114440918,2004900,GME,6.6027274,4.21999979019165,0.08999967575073242,0.0
2020-05-15,4.050000190734863,4.449999809265137,4.039999961853027,4.21999979019165,4.21999979019165,1940600,GME,6.5510616,4.579999923706055,0.3600001335144043,0.0
2020-05-18,4.400000095367432,4.630000114440918,4.360000133514404,4.579999923706055,4.579999923706055,2371700,GME,6.5378375,4.440000057220459,-0.1399998664855957,0.0
2020-05-19,4.579999923706055,4.75,4.369999885559082,4.440000057220459,4.440000057220459,1840700,GME,6.536483,4.429999828338623,-0.010000228881835938,0.0
2020-05-20,4.5,4.690000057220459,4.340000152587891,4.429999828338623,4.429999828338623,2543600,GME,6.509614,4.440000057220459,0.010000228881835938,0.0
2020-05-21,4.449999809265137,4.650000095367432,4.400000095367432,4.440000057220459,4.440000057220459,1971900,GME,6.49536,4.179999828338623,-0.26000022888183594,0.0
2020-05-22,4.460000038146973,4.489999771118164,4.130000114440918,4.179999828338623,4.179999828338623,2379900,GME,6.482074,4.420000076293945,0.24000024795532227,0.0
2020-05-26,4.340000152587891,4.610000133514404,4.329999923706055,4.420000076293945,4.420000076293945,3545700,GME,6.461279,4.690000057220459,0.26999998092651367,0.0
2020-05-27,4.570000171661377,4.710000038146973,4.360000133514404,4.690000057220459,4.690000057220459,3146600,GME,6.5164824,4.329999923706055,-0.3600001335144043,0.0
2020-05-28,4.75,4.760000228881836,4.300000190734863,4.329999923706055,4.329999923706055,2183900,GME,6.500826,4.059999942779541,-0.26999998092651367,0.0
2020-05-29,4.329999923706055,4.420000076293945,4.050000190734863,4.059999942779541,4.059999942779541,3973500,GME,6.3545246,4.130000114440918,0.07000017166137695,0.0
2020-06-01,4.119999885559082,4.360000133514404,4.019999980926514,4.130000114440918,4.130000114440918,2611600,GME,6.279094,4.179999828338623,0.04999971389770508,0.0
2020-06-02,4.269999980926514,4.309999942779541,4.059999942779541,4.179999828338623,4.179999828338623,2369400,GME,6.2349973,4.440000057220459,0.26000022888183594,0.0
2020-06-03,4.239999771118164,4.519999980926514,4.199999809265137,4.440000057220459,4.440000057220459,3037400,GME,6.365757,4.46999979019165,0.029999732971191406,0.0
2020-06-04,4.440000057220459,4.71999979019165,4.369999885559082,4.46999979019165,4.46999979019165,3514300,GME,6.452029,4.139999866485596,-0.3299999237060547,0.0
2020-06-05,4.289999961853027,4.409999847412109,4.090000152587891,4.139999866485596,4.139999866485596,6274400,GME,6.3912764,5.010000228881836,0.8700003623962402,0.0
2020-06-08,4.28000020980835,5.139999866485596,4.269999980926514,5.010000228881836,5.010000228881836,10133700,GME,6.2558722,4.960000038146973,-0.05000019073486328,0.0
2020-06-09,5.0,5.0,4.550000190734863,4.960000038146973,4.960000038146973,8073400,GME,6.2190437,5.070000171661377,0.1100001335144043,0.0
2020-06-10,4.78000020980835,5.53000020980835,4.679999828338623,5.070000171661377,5.070000171661377,10606400,GME,6.1989565,4.369999885559082,-0.7000002861022949,0.0
2020-06-11,4.639999866485596,4.900000095367432,4.179999828338623,4.369999885559082,4.369999885559082,6236000,GME,6.2189875,4.71999979019165,0.34999990463256836,0.0
2020-06-12,4.599999904632568,4.78000020980835,4.389999866485596,4.71999979019165,4.71999979019165,4378200,GME,6.314862,4.690000057220459,-0.029999732971191406,0.0
2020-06-15,4.5,4.769999980926514,4.420000076293945,4.690000057220459,4.690000057220459,3909000,GME,6.415902,4.639999866485596,-0.05000019073486328,0.0
2020-06-16,4.949999809265137,4.949999809265137,4.510000228881836,4.639999866485596,4.639999866485596,3121300,GME,6.5427384,4.760000228881836,0.12000036239624023,0.0
2020-06-17,4.539999961853027,4.829999923706055,4.53000020980835,4.760000228881836,4.760000228881836,3593500,GME,6.6184826,4.949999809265137,0.18999958038330078,0.0
2020-06-18,4.670000076293945,4.949999809265137,4.650000095367432,4.949999809265137,4.949999809265137,3423800,GME,6.718096,4.880000114440918,-0.06999969482421875,0.0
2020-06-19,4.949999809265137,5.079999923706055,4.690000057220459,4.880000114440918,4.880000114440918,7366600,GME,6.6915197,4.869999885559082,-0.010000228881835938,0.0
2020-06-22,4.789999961853027,4.949999809265137,4.71999979019165,4.869999885559082,4.869999885559082,3178900,GME,6.763959,4.829999923706055,-0.039999961853027344,0.0
2020-06-23,4.949999809265137,4.989999771118164,4.800000190734863,4.829999923706055,4.829999923706055,3205400,GME,6.8261957,4.409999847412109,-0.4200000762939453,0.0
2020-06-24,4.829999923706055,4.840000152587891,4.380000114440918,4.409999847412109,4.409999847412109,2976200,GME,6.8581553,4.460000038146973,0.05000019073486328,0.0
2020-06-25,4.329999923706055,4.539999961853027,4.300000190734863,4.460000038146973,4.460000038146973,2450800,GME,6.8916383,4.349999904632568,-0.1100001335144043,0.0
2020-06-26,4.480000019073486,4.5,4.269999980926514,4.349999904632568,4.349999904632568,3801200,GME,6.627736,4.380000114440918,0.03000020980834961,0.0
2020-06-29,4.349999904632568,4.519999980926514,4.300000190734863,4.380000114440918,4.380000114440918,2131200,GME,6.4336567,4.340000152587891,-0.039999961853027344,0.0
2020-06-30,4.329999923706055,4.510000228881836,4.199999809265137,4.340000152587891,4.340000152587891,3889000,GME,6.2303004,4.440000057220459,0.09999990463256836,0.0
2020-07-01,4.309999942779541,4.5,4.309999942779541,4.440000057220459,4.440000057220459,2303700,GME,6.117634,4.289999961853027,-0.15000009536743164,0.0
2020-07-02,4.489999771118164,4.510000228881836,4.289999961853027,4.289999961853027,4.289999961853027,1887600,GME,6.0465875,4.239999771118164,-0.05000019073486328,0.0
2020-07-06,4.309999942779541,4.340000152587891,4.190000057220459,4.239999771118164,4.239999771118164,2140900,GME,5.965938,4.090000152587891,-0.14999961853027344,0.0
2020-07-07,4.199999809265137,4.25,4.059999942779541,4.090000152587891,4.090000152587891,2456600,GME,5.875489,4.260000228881836,0.1700000762939453,0.0
2020-07-08,4.099999904632568,4.289999961853027,4.03000020980835,4.260000228881836,4.260000228881836,2052800,GME,5.8112426,4.210000038146973,-0.05000019073486328,0.0
2020-07-09,4.269999980926514,4.320000171661377,4.130000114440918,4.210000038146973,4.210000038146973,1992600,GME,5.734469,4.340000152587891,0.13000011444091797,0.0
2020-07-10,4.199999809265137,4.380000114440918,4.179999828338623,4.340000152587891,4.340000152587891,1410800,GME,5.6676884,4.260000228881836,-0.07999992370605469,0.0
2020-07-13,4.349999904632568,4.550000190734863,4.260000228881836,4.260000228881836,4.260000228881836,4216200,GME,5.5492387,4.079999923706055,-0.18000030517578125,0.0
2020-07-14,4.21999979019165,4.309999942779541,4.070000171661377,4.079999923706055,4.079999923706055,2261600,GME,5.450464,4.190000057220459,0.1100001335144043,0.0
2020-07-15,4.130000114440918,4.289999961853027,4.130000114440918,4.190000057220459,4.190000057220459,1474100,GME,5.3903027,4.170000076293945,-0.019999980926513672,0.0
2020-07-16,4.190000057220459,4.199999809265137,4.090000152587891,4.170000076293945,4.170000076293945,1330100,GME,5.3546977,3.9600000381469727,-0.21000003814697266,0.0
2020-07-17,4.159999847412109,4.230000019073486,3.940000057220459,3.9600000381469727,3.9600000381469727,3065900,GME,5.2650723,3.849999904632568,-0.11000013351440474,0.0
2020-07-20,3.950000047683716,4.059999942779541,3.7699999809265137,3.8499999046325684,3.8499999046325684,3401100,GME,5.1990356,4.010000228881836,0.16000032424926758,0.0
2020-07-21,3.9000000953674316,4.090000152587891,3.880000114440918,4.010000228881836,4.010000228881836,3341000,GME,5.263335,4.110000133514404,0.09999990463256836,0.0
2020-07-22,4.019999980926514,4.119999885559082,3.9200000762939453,4.110000133514404,4.110000133514404,2523500,GME,5.34865,4.110000133514404,0.0,0.0
2020-07-23,4.090000152587891,4.309999942779541,4.059999942779541,4.110000133514404,4.110000133514404,3237200,GME,5.4563003,4.03000020980835,-0.07999992370605469,0.0
2020-07-24,4.059999942779541,4.230000019073486,4.010000228881836,4.03000020980835,4.03000020980835,2215900,GME,5.5364923,4.010000228881836,-0.019999980926513672,0.0
2020-07-27,4.019999980926514,4.119999885559082,3.950000047683716,4.010000228881836,4.010000228881836,2472700,GME,5.282501,3.940000057220459,-0.07000017166137695,0.0
2020-07-28,3.9600000381469727,4.050000190734863,3.9200000762939453,3.940000057220459,3.940000057220459,4555400,GME,5.000648,4.059999942779541,0.11999988555908203,0.0
2020-07-29,3.940000057220459,4.179999828338623,3.9200000762939453,4.059999942779541,4.059999942779541,2879600,GME,4.8328285,4.099999904632568,0.039999961853027344,0.0
2020-07-30,4.0,4.230000019073486,3.9700000286102295,4.099999904632568,4.099999904632568,2398500,GME,4.761159,4.010000228881836,-0.08999967575073242,0.0
2020-07-31,4.059999942779541,4.159999847412109,3.990000009536743,4.010000228881836,4.010000228881836,1879400,GME,4.7566805,4.150000095367432,0.1399998664855957,0.0
2020-08-03,4.03000020980835,4.25,4.0,4.150000095367432,4.150000095367432,2517600,GME,4.8312426,4.429999828338623,0.2799997329711914,0.0
2020-08-04,4.130000114440918,4.739999771118164,4.130000114440918,4.429999828338623,4.429999828338623,10361400,GME,4.8410525,4.630000114440918,0.20000028610229492,0.0
2020-08-05,4.5,4.760000228881836,4.25,4.630000114440918,4.630000114440918,4925700,GME,5.0216336,4.429999828338623,-0.20000028610229492,0.0
2020-08-06,4.599999904632568,4.659999847412109,4.380000114440918,4.429999828338623,4.429999828338623,1901200,GME,5.2426524,4.159999847412109,-0.26999998092651367,0.0
2020-08-07,4.389999866485596,4.400000095367432,4.059999942779541,4.159999847412109,4.159999847412109,3341100,GME,5.329894,4.329999923706055,0.1700000762939453,0.0
2020-08-10,4.199999809265137,4.570000171661377,4.179999828338623,4.329999923706055,4.329999923706055,4561800,GME,5.361322,4.349999904632568,0.019999980926513672,0.0
2020-08-11,4.429999828338623,4.570000171661377,4.340000152587891,4.349999904632568,4.349999904632568,3138800,GME,5.3888297,4.519999980926514,0.1700000762939453,0.0
2020-08-12,4.400000095367432,4.630000114440918,4.360000133514404,4.519999980926514,4.519999980926514,3057600,GME,5.4379373,4.639999866485596,0.11999988555908203,0.0
2020-08-13,4.519999980926514,4.710000038146973,4.5,4.639999866485596,4.639999866485596,2128300,GME,5.5005302,4.75,0.1100001335144043,0.0
2020-08-14,4.599999904632568,4.829999923706055,4.550000190734863,4.75,4.75,3474400,GME,5.5275702,4.630000114440918,-0.11999988555908203,0.0
2020-08-17,4.78000020980835,4.78000020980835,4.559999942779541,4.630000114440918,4.630000114440918,2371000,GME,5.5787015,4.809999942779541,0.17999982833862305,0.0
2020-08-18,4.610000133514404,4.869999885559082,4.429999828338623,4.809999942779541,4.809999942779541,3834400,GME,5.5902557,4.71999979019165,-0.09000015258789062,0.0
2020-08-19,4.800000190734863,4.840000152587891,4.639999866485596,4.71999979019165,4.71999979019165,2612600,GME,5.626204,4.610000133514404,-0.1099996566772461,0.0
2020-08-20,4.619999885559082,4.679999828338623,4.510000228881836,4.610000133514404,4.610000133514404,2441200,GME,5.643353,5.03000020980835,0.4200000762939453,0.0
2020-08-21,4.599999904632568,5.599999904632568,4.599999904632568,5.03000020980835,5.03000020980835,10642600,GME,5.463483,4.869999885559082,-0.16000032424926758,0.0
2020-08-24,5.099999904632568,5.130000114440918,4.559999942779541,4.869999885559082,4.869999885559082,4585400,GME,5.6512537,4.980000019073486,0.1100001335144043,0.0
2020-08-25,4.880000114440918,5.25,4.880000114440918,4.980000019073486,4.980000019073486,2998700,GME,5.854409,5.110000133514404,0.13000011444091797,0.0
2020-08-26,4.96999979019165,5.21999979019165,4.920000076293945,5.110000133514404,5.110000133514404,2779700,GME,6.0288587,5.25,0.1399998664855957,0.0
2020-08-27,5.110000133514404,5.380000114440918,5.019999980926514,5.25,5.25,3384400,GME,6.174035,5.389999866485596,0.1399998664855957,0.0
2020-08-28,5.300000190734863,5.570000171661377,5.21999979019165,5.389999866485596,5.389999866485596,4236900,GME,6.3252006,6.679999828338623,1.2899999618530273,0.0
2020-08-31,5.769999980926514,7.150000095367432,5.690000057220459,6.679999828338623,6.679999828338623,37976000,GME,5.6938624,7.650000095367432,0.0,-0.9700002670288086
2020-09-01,7.300000190734863,7.820000171661377,6.769999980926514,7.650000095367432,7.650000095367432,23211000,GME,5.771972,7.710000038146973,0.0,-0.059999942779541016
2020-09-02,7.800000190734863,8.050000190734863,7.110000133514404,7.710000038146973,7.710000038146973,13011100,GME,6.0981555,7.820000171661377,0.0,-0.1100001335144043
2020-09-03,7.880000114440918,8.449999809265137,7.239999771118164,7.820000171661377,7.820000171661377,14344500,GME,6.336429,7.650000095367432,0.0,0.1700000762939453
2020-09-04,7.78000020980835,7.920000076293945,7.170000076293945,7.650000095367432,7.650000095367432,7662000,GME,6.633629,7.699999809265136,0.0,-0.04999971389770419
2020-09-08,7.550000190734863,8.279999732971191,7.480000019073486,7.699999809265137,7.699999809265137,9816600,GME,6.802503,7.3499999046325675,0.0,0.34999990463256925
2020-09-09,7.960000038146973,7.989999771118164,7.309999942779541,7.349999904632568,7.349999904632568,9068100,GME,6.958396,6.230000019073486,0.0,1.119999885559082
2020-09-10,6.650000095367432,6.949999809265137,6.190000057220459,6.230000019073486,6.230000019073486,15558300,GME,6.7570195,6.090000152587891,-0.1399998664855957,0.0
2020-09-11,6.260000228881836,6.329999923706055,5.869999885559082,6.090000152587891,6.090000152587891,6061200,GME,6.767163,6.909999847412109,0.8199996948242188,0.0
2020-09-14,6.800000190734863,7.0,6.429999828338623,6.909999847412109,6.909999847412109,10119000,GME,6.7506585,7.090000152587891,0.0,-0.18000030517578125
2020-09-15,6.860000133514404,7.260000228881836,6.690000057220459,7.090000152587891,7.090000152587891,5743500,GME,6.900599,8.680000305175781,0.0,-1.5900001525878906
2020-09-16,7.03000020980835,9.039999961853027,7.03000020980835,8.680000305175781,8.680000305175781,19256300,GME,6.898066,9.199999809265137,0.0,-0.5199995040893555
2020-09-17,8.569999694824219,9.770000457763672,8.40999984741211,9.199999809265137,9.199999809265137,17026700,GME,6.995182,9.470000267028809,0.0,-0.2700004577636719
2020-09-18,9.199999809265137,9.770000457763672,8.90999984741211,9.470000267028809,9.470000267028809,17407500,GME,7.075716,8.75,0.0,0.7200002670288086
2020-09-21,9.350000381469727,9.600000381469727,8.380000114440918,8.75,8.75,7639800,GME,7.3494797,10.5600004196167,0.0,-1.8100004196166992
2020-09-22,10.449999809265137,11.170000076293945,9.899999618530273,10.5600004196167,10.5600004196167,34752500,GME,7.064195,10.039999961853027,0.0,0.5200004577636719
2020-09-23,10.600000381469727,10.859999656677246,9.920000076293945,10.039999961853027,10.039999961853027,10651200,GME,7.349852,9.140000343322754,0.0,0.8999996185302734
2020-09-24,9.710000038146973,9.8100004196167,9.010000228881836,9.140000343322754,9.140000343322754,7938800,GME,7.543364,10.020000457763672,0.0,-0.880000114440918
2020-09-25,9.1899995803833,10.180000305175781,9.100000381469727,10.020000457763672,10.020000457763672,7515200,GME,7.733152,10.09000015258789,0.0,-0.06999969482421875
2020-09-28,10.15999984741211,10.260000228881836,9.550000190734863,10.09000015258789,10.09000015258789,6764300,GME,7.9513526,10.350000381469727,0.0,-0.26000022888183594
2020-09-29,10.0,10.649999618530273,9.930000305175781,10.350000381469727,10.350000381469727,5237600,GME,8.177014,10.199999809265137,0.0,0.15000057220458984
2020-09-30,10.25,10.760000228881836,10.0600004196167,10.199999809265137,10.199999809265137,6079000,GME,8.3435135,9.770000457763672,0.0,0.42999935150146484
2020-10-01,10.09000015258789,10.25,9.6899995803833,9.770000457763672,9.770000457763672,4554100,GME,8.448164,9.390000343322754,0.0,0.38000011444091797
2020-10-02,9.380000114440918,9.779999732971191,9.300000190734863,9.390000343322754,9.390000343322754,4340500,GME,8.473278,9.460000038146973,0.0,-0.06999969482421875
2020-10-05,9.4399995803833,9.59000015258789,9.25,9.460000038146973,9.460000038146973,2805000,GME,8.60511,9.130000114440918,0.0,0.3299999237060547
2020-10-06,9.5600004196167,9.84000015258789,9.100000381469727,9.130000114440918,9.130000114440918,4535400,GME,8.581673,9.359999656677246,0.0,-0.22999954223632812
2020-10-07,9.229999542236328,9.5600004196167,9.170000076293945,9.359999656677246,9.359999656677246,3308600,GME,8.551108,13.489999771118166,0.0,-4.13000011444092
2020-10-08,9.539999961853027,13.640000343322754,9.1899995803833,13.489999771118164,13.489999771118164,76453600,GME,6.824695,12.020000457763674,0.0,1.4699993133544904
2020-10-09,12.829999923706055,14.800000190734863,11.899999618530273,12.020000457763672,12.020000457763672,77152800,GME,5.2716665,11.800000190734863,0.0,0.2200002670288086
2020-10-12,11.65999984741211,12.770000457763672,11.399999618530273,11.800000190734863,11.800000190734863,23655700,GME,5.115617,11.880000114440918,0.0,-0.07999992370605469
2020-10-13,11.729999542236328,12.420000076293945,11.649999618530273,11.880000114440918,11.880000114440918,10179700,GME,5.7231455,12.25,0.0,-0.36999988555908203
2020-10-14,12.670000076293945,12.680000305175781,12.050000190734863,12.25,12.25,10776800,GME,6.211101,13.829999923706056,0.0,-1.5799999237060565
2020-10-15,11.989999771118164,15.100000381469727,11.989999771118164,13.829999923706055,13.829999923706055,39894800,GME,5.912101,13.3100004196167,0.0,0.5199995040893555
2020-10-16,13.770000457763672,13.899999618530273,13.079999923706055,13.3100004196167,13.3100004196167,11651600,GME,6.4366283,13.90999984741211,0.0,-0.5999994277954102
2020-10-19,13.4399995803833,14.5,13.380000114440918,13.90999984741211,13.90999984741211,13169100,GME,6.8640623,13.859999656677246,0.0,0.05000019073486328
2020-10-20,14.029999732971191,14.140000343322754,13.670000076293945,13.859999656677246,13.859999656677246,6604000,GME,7.4817157,14.100000381469725,0.0,-0.2400007247924787
2020-10-21,13.899999618530273,14.420000076293945,13.800000190734863,14.100000381469727,14.100000381469727,5361900,GME,8.096327,14.90999984741211,0.0,-0.8099994659423828
2020-10-22,14.199999809265137,15.869999885559082,14.1899995803833,14.90999984741211,14.90999984741211,16212200,GME,8.534376,15.0,0.0,-0.09000015258789062
2020-10-23,15.050000190734863,15.380000114440918,14.550000190734863,15.0,15.0,6507300,GME,9.100689,13.449999809265137,0.0,1.5500001907348633
2020-10-26,14.930000305175781,15.449999809265137,13.260000228881836,13.449999809265137,13.449999809265137,13376300,GME,9.654405,12.6899995803833,0.0,0.7600002288818359
2020-10-27,13.710000038146973,13.710000038146973,12.359999656677246,12.6899995803833,12.6899995803833,7231000,GME,10.1345625,11.819999694824219,0.0,0.869999885559082
2020-10-28,12.270000457763672,13.050000190734863,11.779999732971191,11.819999694824219,11.819999694824219,6388600,GME,10.559706,11.729999542236328,0.0,0.09000015258789062
2020-10-29,11.880000114440918,12.25,11.680000305175781,11.729999542236328,11.729999542236328,4165800,GME,10.902611,10.470000267028809,0.0,1.2599992752075195
2020-10-30,11.640000343322754,11.640000343322754,10.359999656677246,10.470000267028809,10.470000267028809,11546900,GME,10.861073,10.75,0.2799997329711914,0.0
2020-11-02,10.819999694824219,11.09000015258789,10.5,10.75,10.75,5227000,GME,10.873534,11.569999694824217,0.819999694824217,0.0
2020-11-03,10.75,11.859999656677246,10.630000114440918,11.569999694824219,11.569999694824219,7454500,GME,11.122076,10.90999984741211,0.0,0.6599998474121094
2020-11-04,11.760000228881836,11.770000457763672,10.609999656677246,10.90999984741211,10.90999984741211,5807900,GME,11.10531,11.449999809265135,0.5399999618530256,0.0
2020-11-05,11.270000457763672,11.84000015258789,11.0600004196167,11.449999809265137,11.449999809265137,4705200,GME,11.118614,11.859999656677244,0.0,-0.4099998474121076
2020-11-06,11.520000457763672,12.170000076293945,11.319999694824219,11.859999656677246,11.859999656677246,5518200,GME,11.398687,11.489999771118164,0.0,0.36999988555908203
2020-11-09,12.760000228881836,12.930000305175781,11.25,11.489999771118164,11.489999771118164,6244900,GME,11.59304,11.100000381469727,-0.3899993896484375,0.0
2020-11-10,11.5,11.65999984741211,10.829999923706055,11.100000381469727,11.100000381469727,3826000,GME,11.673704,11.75,0.6499996185302734,0.0
2020-11-11,11.5,11.949999809265137,11.210000038146973,11.75,11.75,4882600,GME,11.318196,11.130000114440918,0.0,0.619999885559082
2020-11-12,11.739999771118164,11.869999885559082,10.970000267028809,11.130000114440918,11.130000114440918,4353300,GME,10.909085,11.010000228881836,0.0,0.11999988555908203
2020-11-13,11.359999656677246,11.550000190734863,11.0,11.010000228881836,11.010000228881836,3535900,GME,10.55874,12.0600004196167,0.0,-1.0500001907348633
2020-11-16,11.15999984741211,12.65999984741211,10.720000267028809,12.0600004196167,12.0600004196167,9774800,GME,10.461439,11.630000114440918,0.0,0.43000030517578125
2020-11-17,11.649999618530273,11.920000076293945,11.229999542236328,11.630000114440918,11.630000114440918,6678200,GME,10.531865,11.569999694824217,0.0,0.060000419616700995
2020-11-18,11.800000190734863,12.039999961853027,11.5600004196167,11.569999694824219,11.569999694824219,3169200,GME,10.353819,12.460000038146973,0.0,-0.8900003433227539
2020-11-19,11.600000381469727,12.789999961853027,11.449999809265137,12.460000038146973,12.460000038146973,11787600,GME,10.788735,12.710000038146973,0.0,-0.25
2020-11-20,12.550000190734863,13.460000038146973,12.539999961853027,12.710000038146973,12.710000038146973,8395400,GME,11.459117,13.899999618530275,0.0,-1.1899995803833026
2020-11-23,12.899999618530273,14.119999885559082,12.670000076293945,13.899999618530273,13.899999618530273,9599100,GME,11.58416,13.670000076293945,0.0,0.22999954223632812
2020-11-24,14.229999542236328,14.260000228881836,13.300000190734863,13.670000076293945,13.670000076293945,7183200,GME,11.688941,14.749999999999998,0.0,-1.079999923706053
2020-11-25,13.600000381469727,15.25,13.420000076293945,14.75,14.75,8860100,GME,11.8195505,16.079999923706055,0.0,-1.3299999237060547
2020-11-27,15.289999961853027,16.739999771118164,14.880000114440918,16.079999923706055,16.079999923706055,12504200,GME,12.30393,16.559999465942383,0.0,-0.4799995422363281
2020-11-30,18.170000076293945,19.420000076293945,16.559999465942383,16.559999465942383,16.559999465942383,31983500,GME,12.07627,15.800000190734863,0.0,0.7599992752075195
2020-12-01,17.110000610351562,17.399999618530273,15.760000228881836,15.800000190734863,15.800000190734863,12666000,GME,12.220873,16.579999923706055,0.0,-0.7799997329711914
2020-12-02,15.699999809265137,16.68000030517578,15.380000114440918,16.579999923706055,16.579999923706055,7883400,GME,12.349543,16.1200008392334,0.0,0.45999908447265625
2020-12-03,16.479999542236328,16.639999389648438,15.869999885559082,16.1200008392334,16.1200008392334,6295000,GME,12.478077,16.899999618530273,0.0,-0.779998779296875
2020-12-04,16.299999237060547,17.290000915527344,16.260000228881836,16.899999618530273,16.899999618530273,8972700,GME,12.683774,16.350000381469727,0.0,0.5499992370605469
2020-12-07,17.0,17.5,16.219999313354492,16.350000381469727,16.350000381469727,7386300,GME,12.808778,16.940000534057617,0.0,-0.5900001525878906
2020-12-08,16.3700008392334,17.209999084472656,15.930000305175781,16.940000534057617,16.940000534057617,16120200,GME,12.626354,13.659999847412111,0.0,3.280000686645506
2020-12-09,13.920000076293945,14.729999542236328,13.229999542236328,13.65999984741211,13.65999984741211,24357900,GME,11.581612,14.119999885559084,0.0,-0.46000003814697443
2020-12-10,13.119999885559082,14.40999984741211,13.050000190734863,14.119999885559082,14.119999885559082,7558900,GME,11.07787,13.3100004196167,0.0,0.8099994659423828
2020-12-11,13.90999984741211,14.0,13.020000457763672,13.3100004196167,13.3100004196167,7496900,GME,10.629428,12.72000026702881,0.0,0.5900001525878888
2020-12-14,13.34000015258789,13.430000305175781,12.140000343322754,12.720000267028809,12.720000267028809,10007100,GME,10.243977,13.850000381469727,0.0,-1.130000114440918
2020-12-15,12.779999732971191,14.020000457763672,12.479999542236328,13.850000381469727,13.850000381469727,8192900,GME,10.002874,13.850000381469727,0.0,0.0
2020-12-16,13.960000038146973,14.3100004196167,13.579999923706055,13.850000381469727,13.850000381469727,5865100,GME,9.990723,14.829999923706055,0.0,-0.9799995422363281
2020-12-17,13.960000038146973,14.979999542236328,13.59000015258789,14.829999923706055,14.829999923706055,8194900,GME,9.542463,15.630000114440918,0.0,-0.8000001907348633
2020-12-18,15.779999732971191,16.299999237060547,15.180000305175781,15.630000114440918,15.630000114440918,16618800,GME,9.134993,15.529999732971191,0.0,0.10000038146972656
2020-12-21,15.8100004196167,16.350000381469727,15.279999732971191,15.529999732971191,15.529999732971191,9876100,GME,9.056729,19.459999084472656,0.0,-3.929999351501465
2020-12-22,16.219999313354492,20.040000915527344,16.149999618530273,19.459999084472656,19.459999084472656,30652700,GME,8.775189,20.56999969482422,0.0,-1.1100006103515625
2020-12-23,20.170000076293945,22.350000381469727,19.1299991607666,20.56999969482422,20.56999969482422,25830300,GME,8.890139,20.149999618530273,0.0,0.4200000762939453
2020-12-24,21.010000228881836,21.479999542236328,19.950000762939453,20.149999618530273,20.149999618530273,6262200,GME,9.51385,20.989999771118164,0.0,-0.8400001525878906
2020-12-28,21.309999465942383,21.969999313354492,20.350000381469727,20.989999771118164,20.989999771118164,8965900,GME,10.123698,19.3799991607666,0.0,1.6100006103515625
2020-12-29,20.81999969482422,21.06999969482422,18.559999465942383,19.3799991607666,19.3799991607666,9241400,GME,10.541238,19.260000228881836,0.0,0.11999893188476562
2020-12-30,19.3799991607666,20.0,18.850000381469727,19.260000228881836,19.260000228881836,5934400,GME,11.027726,18.84000015258789,0.0,0.4200000762939453
2020-12-31,19.25,19.799999237060547,18.799999237060547,18.84000015258789,18.84000015258789,6922700,GME,11.33066,17.25,0.0,1.5900001525878906
2021-01-04,19.0,19.100000381469727,17.149999618530273,17.25,17.25,10022500,GME,10.99003,17.3700008392334,0.0,-0.12000083923339844
2021-01-05,17.350000381469727,18.079999923706055,17.229999542236328,17.3700008392334,17.3700008392334,4961500,GME,10.850883,18.360000610351562,0.0,-0.9899997711181641
2021-01-06,17.34000015258789,18.979999542236328,17.329999923706055,18.360000610351562,18.360000610351562,6056200,GME,10.7519455,18.079999923706055,0.0,0.2800006866455078
2021-01-07,18.469999313354492,19.450000762939453,18.020000457763672,18.079999923706055,18.079999923706055,6129300,GME,10.72996,17.690000534057617,0.0,0.3899993896484375
2021-01-08,18.18000030517578,18.299999237060547,17.079999923706055,17.690000534057617,17.690000534057617,6482000,GME,10.651436,19.940000534057617,0.0,-2.25
2021-01-11,19.40999984741211,20.649999618530273,19.010000228881836,19.940000534057617,19.940000534057617,14927600,GME,10.6383915,19.950000762939453,0.0,-0.010000228881835938
2021-01-12,19.959999084472656,20.399999618530273,19.31999969482422,19.950000762939453,19.950000762939453,7060700,GME,10.916805,31.399999618530273,0.0,-11.44999885559082
2021-01-13,20.420000076293945,38.650001525878906,20.030000686645508,31.399999618530273,31.399999618530273,144501700,GME,8.601104,39.90999984741211,0.0,-8.510000228881836
2021-01-14,38.09000015258789,43.060001373291016,33.04999923706055,39.90999984741211,39.90999984741211,93717400,GME,8.812837,35.5,0.0,4.409999847412109
2021-01-15,38.4900016784668,40.75,34.0099983215332,35.5,35.5,46866400,GME,9.879032,39.36000061035156,0.0,-3.8600006103515625
2021-01-19,41.54999923706055,45.52000045776367,36.63999938964844,39.36000061035156,39.36000061035156,74721900,GME,10.479577,39.11999893188476,0.0,0.24000167846680398
2021-01-20,37.369998931884766,41.189998626708984,36.060001373291016,39.119998931884766,39.119998931884766,33471800,GME,11.894913,43.02999877929687,0.0,-3.9099998474121023
2021-01-21,39.22999954223633,44.75,37.0,43.029998779296875,43.029998779296875,57079800,GME,12.812853,65.01000213623047,0.0,-21.980003356933594
2021-01-22,42.59000015258789,76.76000213623047,42.31999969482422,65.01000213623047,65.01000213623047,197157900,GME,11.202039,76.79000091552734,0.0,-11.779998779296875
2021-01-25,96.7300033569336,159.17999267578125,61.130001068115234,76.79000091552734,76.79000091552734,177874000,GME,13.165139,147.97999572753906,0.0,-71.18999481201172
2021-01-26,88.55999755859375,150.0,80.19999694824219,147.97999572753906,147.97999572753906,178588000,GME,18.75265,347.510009765625,0.0,-199.53001403808594
2021-01-27,354.8299865722656,380.0,249.0,347.510009765625,347.510009765625,93396700,GME,47.891468,193.60000610351562,0.0,153.91000366210938
2021-01-28,265.0,483.0,112.25,193.60000610351562,193.60000610351562,58815800,GME,61.659157,325.0,0.0,-131.39999389648438
2021-01-29,379.7099914550781,413.9800109863281,250.0,325.0,325.0,50259200,GME,85.87777,225.00000000000003,0.0,99.99999999999997
2021-02-01,316.55999755859375,322.0,212.0,225.0,225.0,37382200,GME,99.20204,90.0,0.0,135.0
2021-02-02,140.75999450683594,158.0,74.22000122070312,90.0,90.0,78183100,GME,93.585396,92.41000366210936,2.410003662109361,0.0
2021-02-03,112.01000213623047,113.4000015258789,85.25,92.41000366210938,92.41000366210938,42698500,GME,87.66327,53.5,0.0,38.910003662109375
2021-02-04,91.19000244140625,91.5,53.33000183105469,53.5,53.5,62427300,GME,77.95915,63.77000045776367,10.270000457763672,0.0
2021-02-05,54.040000915527344,95.0,51.09000015258789,63.77000045776367,63.77000045776367,80886300,GME,68.33099,60.0,-3.770000457763672,0.0
2021-02-08,72.41000366210938,72.66000366210938,58.02000045776367,60.0,60.0,25687300,GME,61.265915,50.310001373291016,-9.689998626708984,0.0
2021-02-09,56.61000061035156,57.0,46.52000045776367,50.310001373291016,50.310001373291016,26843100,GME,53.71561,51.20000076293945,0.8899993896484375,0.0
2021-02-10,50.77000045776367,62.83000183105469,46.54999923706055,51.20000076293945,51.20000076293945,36455000,GME,47.116867,51.099998474121094,0.0,0.10000228881835938
2021-02-11,50.0099983215332,55.31999969482422,48.220001220703125,51.099998474121094,51.099998474121094,12997400,GME,42.32282,52.400001525878906,0.0,-1.3000030517578125
2021-02-12,50.75,55.2400016784668,48.04999923706055,52.400001525878906,52.400001525878906,14498000,GME,38.57382,49.5099983215332,0.0,2.890003204345703
2021-02-16,52.65999984741211,53.5,49.040000915527344,49.5099983215332,49.5099983215332,8175000,GME,35.64054,45.939998626708984,0.0,3.5699996948242188
2021-02-17,49.77000045776367,51.189998626708984,44.560001373291016,45.939998626708984,45.939998626708984,9186800,GME,33.06733,40.689998626708984,0.0,5.25
2021-02-18,48.4900016784668,48.869998931884766,40.650001525878906,40.689998626708984,40.689998626708984,23990600,GME,30.313454,40.59000015258789,0.0,0.09999847412109375
2021-02-19,41.279998779296875,43.88999938964844,38.5,40.59000015258789,40.59000015258789,14828200,GME,28.187418,45.99999999999999,0.0,-5.409999847412102
2021-02-22,46.689998626708984,48.5099983215332,42.400001525878906,46.0,46.0,19476000,GME,26.908916,44.970001220703125,0.0,1.029998779296875
2021-02-23,44.970001220703125,46.22999954223633,40.0,44.970001220703125,44.970001220703125,7565200,GME,26.291042,91.70999908447266,0.0,-46.73999786376953
2021-02-24,44.70000076293945,91.70999908447266,44.70000076293945,91.70999908447266,91.70999908447266,83111700,GME,27.17134,108.7300033569336,0.0,-17.020004272460938
2021-02-25,169.55999755859375,184.67999267578125,101.0,108.7300033569336,108.7300033569336,150308800,GME,32.6332,101.73999786376953,0.0,6.9900054931640625
2021-02-26,117.45999908447266,142.89999389648438,86.0,101.73999786376953,101.73999786376953,91963000,GME,38.528706,120.4000015258789,0.0,-18.660003662109375
2021-03-01,104.54000091552734,133.99000549316406,99.97000122070312,120.4000015258789,120.4000015258789,49597300,GME,45.47284,118.18000030517578,0.0,2.220001220703125
2021-03-02,116.93000030517578,133.1999969482422,112.19999694824219,118.18000030517578,118.18000030517578,33640400,GME,51.386086,124.18000030517578,0.0,-6.0
2021-03-03,122.51000213623047,127.75,113.12000274658203,124.18000030517578,124.18000030517578,19173700,GME,56.672955,132.35000610351562,0.0,-8.170005798339844
2021-03-04,125.0,147.8699951171875,115.30000305175781,132.35000610351562,132.35000610351562,32473600,GME,61.583946,137.74000549316406,0.0,-5.3899993896484375
2021-03-05,128.1699981689453,151.52999877929688,127.5,137.74000549316406,137.74000549316406,30660200,GME,67.265205,194.5,0.0,-56.75999450683594
2021-03-08,154.88999938964844,210.8699951171875,146.10000610351562,194.5,194.5,63424800,GME,77.245415,246.89999389648438,0.0,-52.399993896484375
2021-03-09,217.7100067138672,249.85000610351562,208.50999450683594,246.89999389648438,246.89999389648438,38725800,GME,92.31012,265.0,0.0,-18.100006103515625
2021-03-10,269.42999267578125,348.5,172.0,265.0,265.0,71361900,GME,104.88935,260.0,0.0,5.0
2021-03-11,241.63999938964844,281.5,232.60000610351562,260.0,260.0,28186000,GME,111.98102,264.5,0.0,-4.5
2021-03-12,275.0,295.5,262.2699890136719,264.5,264.5,25760700,GME,121.291954,220.13999938964844,0.0,44.36000061035156
2021-03-15,277.5199890136719,283.0,206.0,220.13999938964844,220.13999938964844,24100400,GME,121.85326,208.1699981689453,0.0,11.970001220703125
2021-03-16,203.16000366210938,220.6999969482422,172.35000610351562,208.1699981689453,208.1699981689453,35241900,GME,118.645424,209.80999755859378,0.0,-1.639999389648466
2021-03-17,217.83999633789062,231.47000122070312,204.0,209.80999755859375,209.80999755859375,16259300,GME,119.73565,201.75,0.0,8.05999755859375
2021-03-18,214.0,218.8800048828125,195.64999389648438,201.75,201.75,11764900,GME,119.37533,200.27000427246097,0.0,1.479995727539034
2021-03-19,195.72999572753906,227.0,182.66000366210938,200.27000427246094,200.27000427246094,24552100,GME,118.58935,194.49000549316406,0.0,5.779998779296875
2021-03-22,205.25999450683594,210.36000061035156,186.1999969482422,194.49000549316406,194.49000549316406,10061500,GME,118.29401,181.74999999999997,0.0,12.740005493164091
2021-03-23,197.5,201.75,177.5500030517578,181.75,181.75,14429100,GME,116.21505,120.33999633789062,0.0,61.410003662109375
2021-03-24,157.97999572753906,166.97000122070312,118.62000274658203,120.33999633789062,120.33999633789062,24177900,GME,108.516045,183.75000000000003,0.0,-63.4100036621094
2021-03-25,123.48999786376953,187.5,116.9000015258789,183.75,183.75,50962300,GME,103.67417,181.0,0.0,2.75
2021-03-26,197.67999267578125,218.92999267578125,163.25999450683594,181.0,181.0,37371900,GME,102.789024,181.30000305175784,0.0,-0.3000030517578409
2021-03-29,180.75,193.9199981689453,173.50999450683594,181.3000030517578,181.3000030517578,10042200,GME,103.00766,194.4600067138672,0.0,-13.160003662109375
2021-03-30,187.5,204.3000030517578,182.0,194.4600067138672,194.4600067138672,17094900,GME,104.59024,189.82000732421875,0.0,4.6399993896484375
2021-03-31,197.5,199.4600067138672,187.11000061035156,189.82000732421875,189.82000732421875,8393800,GME,106.85089,191.4499969482422,0.0,-1.6299896240234375
2021-04-01,193.36000061035156,196.97000122070312,183.60000610351562,191.4499969482422,191.4499969482422,9334300,GME,109.39503,186.9499969482422,0.0,4.5
2021-04-05,171.0,195.0,164.80999755859375,186.9499969482422,186.9499969482422,14070500,GME,110.64189,184.5,0.0,2.4499969482421875
2021-04-06,185.2100067138672,192.0,183.55999755859375,184.5,184.5,6218300,GME,113.07036,177.9700012207031,0.0,6.529998779296903
2021-04-07,183.22000122070312,184.5,176.11000061035156,177.97000122070312,177.97000122070312,4768300,GME,115.0678,170.25999450683594,0.0,7.7100067138671875
2021-04-08,185.8800048828125,185.8800048828125,164.3000030517578,170.25999450683594,170.25999450683594,10047400,GME,116.76189,158.36000061035156,0.0,11.899993896484375
2021-04-09,169.6999969482422,171.5800018310547,153.0,158.36000061035156,158.36000061035156,9442000,GME,117.50861,141.08999633789062,0.0,17.270004272460938
2021-04-12,158.11000061035156,163.89999389648438,135.00999450683594,141.08999633789062,141.08999633789062,16683600,GME,116.31329,140.99000549316406,0.0,0.0999908447265625
2021-04-13,141.8800048828125,145.3800048828125,132.0,140.99000549316406,140.99000549316406,6806900,GME,114.56786,166.52999877929688,0.0,-25.539993286132812
2021-04-14,143.57000732421875,174.08999633789062,143.0,166.52999877929688,166.52999877929688,21138100,GME,114.656334,156.44000244140625,0.0,10.089996337890625
2021-04-15,163.0,166.25,152.8000030517578,156.44000244140625,156.44000244140625,7856800,GME,115.33071,154.69000244140625,0.0,1.75
2021-04-16,156.0,160.1999969482422,151.25,154.69000244140625,154.69000244140625,5139700,GME,117.11648,164.3699951171875,0.0,-9.67999267578125
2021-04-19,171.8000030517578,175.1999969482422,162.3300018310547,164.3699951171875,164.3699951171875,10520200,GME,119.074554,158.52999877929688,0.0,5.839996337890625
2021-04-20,164.13999938964844,164.88999938964844,153.36000061035156,158.52999877929688,158.52999877929688,4658600,GME,119.728455,158.50999450683594,0.0,0.0200042724609375
2021-04-21,158.39999389648438,162.97999572753906,155.9199981689453,158.50999450683594,158.50999450683594,3812800,GME,119.18665,151.1699981689453,0.0,7.339996337890625
2021-04-22,159.10000610351562,159.10000610351562,146.86000061035156,151.1699981689453,151.1699981689453,4345800,GME,117.491,151.17999267578125,0.0,-0.0099945068359375
2021-04-23,149.0,153.66000366210938,144.6999969482422,151.17999267578125,151.17999267578125,4029100,GME,120.501625,168.5749969482422,0.0,-17.395004272460938
